Filekey	Name	Count	Person?
A31221	GVLIELMVS CASTELL	1	t
A15013	Doctor Willet	1	t
A21479	Muses Nine	1	f
A14722	Lord Lieutenants	1	t
A27810	Saint PAUL	1	t
A08637	Reverend Sir	1	f
A43824	E. Manchester	1	t
A61026	John Wray Knight	1	t
A91309	Samuel Rutherford	1	t
A34599	Thomas Lord Strafford	1	t
A91224	Mrs Margaret Carteret	1	t
A34599	Conſcientious Covenantours	1	f
A62938	WILLIAM EARLE	1	t
A95892	Edmund Prideaux	1	t
A91309	Civil Magiſtrate	1	f
A13014	Knight Barone	1	f
A47618	Jacobus Iustus	1	t
A43824	S. Iohn Trevor	1	t
A39313	Jeſus Chriſt	1	t
A30705	Marmaduke LLoyd Knight	1	t
A04907	Noble Sir	1	f
A67073	Robert Lord Brook	1	t
A79477	Alexander Co	1	t
A13439	Kate Kiss-well	1	t
A61155	Jeſus Chriſt	3	t
A54528	Thomas Adams	1	t
A67155	Gracious Sovereign	1	f
A34599	John 2	3	f
A31933	Spiritual Servant	1	f
A95657	Edward Terry	1	t
A27638	Baron Ferrars	1	t
A56127	Arch Prelate	1	f
A28359	SHELLY Eſquire	1	t
A79473	Dr Ferne	1	t
A43824	E. Pembrook	1	t
A56192	Lord General	1	f
A67203	WILLIAM LENTHALL	1	t
A44762	Sir W. S. Knight	1	t
A14290	Gall Gulls	1	t
A21479	L. L.	1	t
A97343	His Cords	1	f
A11378	Gracious Sir	1	f
A91314	RFAX Knight	1	t
A91187	Thomas Fairfax	1	t
A13699	Christs Altar	1	f
A10819	John Roberts	1	t
A81567	Thomas Wentworth	2	t
A43824	L. Howard . S. Gilbert Gerard	1	t
A56256	My Lord	1	f
A48432	Illustrious Sir	1	f
A38677	Queen Iane	1	t
A59685	Mr W. Greenhill	1	t
A64135	J. TAYLOR	1	t
A02324	D. Ramus	1	t
A66737	Your Father	1	f
A56144	Willielmus Laud bonam	1	t
A56211	Sir William Bruerton	1	t
A90603	Tobias Dixon	1	t
A33343	SAMVEL CLARKE	1	t
A26353	Eras Epist	1	f
A31021	Persius Nec	1	f
A10822	Randolph Mo	1	t
A28809	Majesties Honour	1	f
A43818	Thomas Hill	1	t
A47618	D. Story	1	t
A69521	Amy Long	1	t
A54990	BEAUCHAMP PLANTAGENET	1	t
A43401	Lord Chamberlain	1	f
A64135	King Iames	1	t
A64057	St Augustine Archbishop	1	t
A90266	Thomas Honywood	1	t
A61487	Benjamin Cook	1	t
A16927	Richard Brome	1	t
A85388	Your Worſhip	1	f
A12598	Your Graces	1	f
A89563	John Goodwins	1	t
A10663	Gracious Princess	1	f
A61026	Your Servant	1	f
A30705	Water Barkesby	1	t
A91309	William Prynne	1	t
A56192	THeAlberius Gentiles	1	t
A13439	Sisly Sweet-lips	1	t
A52051	Servant in	1	f
A95892	Lord Fairfax	1	t
A69521	Matron Mris	1	f
A64057	K. Allured	1	t
A71286	Schismatical Separatists	1	f
A66047	JOHN WILKINS	1	t
A31933	Nicephorus Phocas	1	t
A28212	God Almighty ſo	1	t
A00926	Virtuous Lady	1	f
A10822	Thomas Covell	1	t
A69646	Paulus Fagius	2	t
A90668	SAint Paul	2	t
A56144	Biſhop Uſher	1	t
A54528	Iohn Langham	1	t
A19347	Theophila Cook	1	t
A26353	THOMAS ROE Knight	1	t
A30714	Your Friend	1	f
A71091	His Majesty	1	f
A14722	Humble Servant	1	f
A85505	Your Honours	1	f
A56144	Proteſtant Arch-Prelate	1	f
A01234	Your Hoſpitaler	1	f
A25390	Lord Keeper	1	f
A67068	Gilbert Gerard	1	t
A56144	Anonymous Pamphleteers	1	f
A96686	Great Sachim	1	f
A13699	David Ps	1	f
A49256	Great General	1	f
A56127	William Tyndall	1	t
A64135	Pope Vigilius	1	t
A35353	Commons Aſſembled	1	f
A28810	India Merchant's	1	f
A45542	Faithful Servant	1	f
A29665	Noble Lords	1	f
A61475	Jesus Christ	1	t
A85716	Chriſt Jeſus	1	t
A04155	Thomas Hutton	1	t
A70924	Moſt Noble Lord	1	f
A43816	Photii Epist	1	f
A02324	S. Hierome	1	t
A97129	Thomas Clarke	2	t
A87607	Lo Cook	1	t
A17286	Charles the Emperor	1	t
A90266	Honoured Sir	1	f
A56144	Willielmum Laud	8	t
A91187	Sir Samuel	1	t
A29737	Sovereign Lord	1	f
A97129	Iohn Ward	1	t
A28810	Richard Boothby	3	t
A04155	Iesus Christ	1	t
A28809	Honourable Court	1	f
A05161	M. Fisher	10	t
A57969	Potent Lord	1	f
A01234	W. F. wishes	1	t
A97246	RICHARD VINES	1	t
A10822	William Ge	1	t
A31115	Excellent Majeſty	1	f
A64135	Bishop Proclus	1	t
A77507	D. D. D. Joannes Brinſleius	1	t
A48432	Your Nobleness	1	f
A90603	Ambroſe Brumskill	1	t
A85505	S. Peter	1	t
A56127	Henry Burt	1	t
A91309	Thomas Edwards	2	t
A00926	R. F.	1	t
A49256	Excellent Self	1	f
A95897	Servant in the Lord	1	f
A47629	Alphonsus King	1	t
A28810	Captain Slade	2	t
A42725	Lord Bruce	1	t
A56144	Prelatical Sycophants	1	f
A86786	Worthy Sir	1	f
A70130	Lord Major	1	f
A56943	Faithful Subject	1	f
A43536	Great Prince	1	f
A61155	David ▪	1	t
A61155	John Saltmarſh	1	t
A93655	Noble SIR	1	f
A61092	Richard Knightley	1	t
A95892	John Wollaſtone	1	t
A62938	FERDIN ANDO	1	t
A38090	Vincentio Epist	1
A47629	John Scot	1	t
A67073	William Viscount Say	1	t
A16923	Richard Brome	1	t
A01531	William Bradshaw	1	t
A91298	Your Honours	1
A44991	Servant R. D.	1	t
A66051	Lord Berkley	1	t
A64253	W. JEMMAT	1	t
A70130	Queen Elizabeth	1	t
A34593	Noble Uncle's	1
A43483	Maurice Prince	1	t
A13699	S. Austin	1	t
A06402	WILLIAM LOWER	1	t
A61155	JOHN SALTMARSH	1	t
A41009	S. Paul	1	t
A42351	Judicious Sir	1
A40668	Thy Brother	1
A47618	Queen Marry	1	t
A05161	D. White	2	t
A57529	ROBERT Earl	1	t
A41355	John Downes ESQUIRE	1	t
A35274	Honoured Sirs	1
A10822	Rouland Wilson	1	t
A43318	D. Com	1	t
A56127	Saint Paul	1	t
A70924	PHILIP Earl	1	t
A29206	WILLIAM Earl	1	t
A41155	Algernon Earl	1	t
A67073	Robert Earl	1	t
A67119	FRANCIS WORTLEY	1	t
A56144	M Dell	1	t
A91224	Philip Carteret Knight	1	t
A56192	The Lord of Hosts	1	t
A26722	the Lord for you	1
A43401	Lord Parre	1	t
A59164	Loyal Subject	1
A17286	Lord Harrington	1	t
A07542	H. M. HOnour	1	t
A48307	JOHN LEY	1	t
A66737	Gracious Father	1
A34747	Jeſus Chriſt	1
A56144	Iohn Lilburn	1	t
A07248	Honoured Friend	1
A59164	Great Father	1
A56943	Gracious SOVEREIGN King CHARLES	1	t
A30705	Iohn Edmund Eſq	1	t
A78979	EDMUND CALAMY	1	t
A59630	RICHARD KNIGHTLEY ESQUIRE	1	t
A27499	Worthy Chriſtians	1
A43825	Bishop Morton	1	t
A43824	E. Denbigh	1	t
A60972	Henry Darly	1	t
A69024	Majesties Patronage	1
A67551	Honourable Court	1
A61155	Ieſus Chriſt	1	t
A95888	Lord Mayor	1
A86358	THOMAS HILL	1	t
A04155	Philip Hutton	1	t
A94735	JOHN TOMBES	1	t
A10495	Robert Ducie	2	t
A86261	Alderman Adams	1	t
A05161	M. Fishers	1	t
A67551	Your Honours	1
A40653	Honours Sister	1
A63067	Joseph ;	1	t
A86986	Privy Counsel	1
A30235	Worthy Patriots	1
A67876	J. H. wishes	1	t
A27497	Servant N. BARNARD Drogheda Aprill	1	t
A27499	Chriſt You	1	t
A95892	John Young	1	t
A43401	Lord Warden	1	t
A34599	Jeſus Chriſt	3	t
A57248	Your Honours	1
A56171	Lord Jesus	1	t
A70130	Thomas Atkin	1	t
A47618	Saint Paul	1	t
A05161	A. C. printed	1	t
A64897	Englands Remembrancer	1
A90603	Iohn Rogers	1	t
A64135	Bishop Fox	1	t
A79473	SHELDEN Warden	1	t
A67073	We Christians	1
A88994	Your Crown	1
A91309	Your Honours	1
A41964	Julius Pollux	2	t
A89586	Honourable Aſſembly	1
A91298	Noble Perſons	1
A56211	Noblest Patronage	1
A79473	Dr Fern ib	1	t
A70872	WILLIAM PRYNNE	1	t
A92138	Lord Jeſus	2	t
A70924	Moſt Illuſtrious Lord	1
A32308	John Bayles	1	t
A11380	My Lord	1
A89235	Your Servants	2
A56144	Saint Williams	1	t
A29432	Your Lordſhip	1
A10267	MOST DEER	1
A27361	Friend Iohn Bellamie	1	t
A56127	Henry Burton	1	t
A59949	Alexander Read	1	t
A64057	Bishop Fox	1	t
A42751	Honourable Body of	1
A54990	Captain Clayborn	1	t
A91855	Your Honours	1
A87081	Iriſh Philistines	1
A10190	Your Honours	1
A12817	ANTHONY STAFFORD	1	t
A41964	Hugo Grotius	1	t
A66737	Your Montrose	1	t
A66597	Christum Domini	1	t
A49473	Edward Dichfield	1	t
A57391	Servant L. R. Merchant	1	t
A19160	Diego V'ades-forte	1	t
A70175	M. S. to A. S. ſo	1	t
A49473	Tobias Massy	1	t
A56144	Willielmo Laud	4	t
A62099	Your Honours	1
A57648	JOHN Earl	1	t
A93880	Lord Jeſus	1	t
A85664	Publius Decius	1	t
A05161	Fellows Angle	1
A56211	WILLIAM PRYNNE	2	t
A47629	Rainoldus de lib	1	t
A30705	Humfrey Greene Eſq	1	t
A13699	S. Ierome	1	t
A37463	MOst Noble	1
A46895	Lord Major	1
A13699	Father S. Salvian	1	t
A25221	William Burton	1	t
A08829	Ephraim Pagitt	1	t
A43824	M. Hoyle All Fidelity	1	t
A56976	Reverend Father	1
A97129	Iohn Millington	1	t
A49473	Rowland Wilson	1	t
A54605	W. P.	1	t
A92764	The Lord	1
A56127	Heavenly Father	1
A28139	J. B.	1	t
A43824	L. Visc	1
A17286	S. Paul	1	t
A27361	J. P. I	1	t
A90620	ANNA HUME	1	t
A91327	Worthy Gentlemen	1
A46836	HENRIE JESSE	2	t
A95897	Lord Major	1
A94735	Chriſt Ieſus	1	t
A90266	William Maſham	1	t
A30705	James Price Knight	1	t
A43816	Noble Earl	1
A63067	Queen Elizabeth	1	t
A56828	RICHARD ROYSTON	1	t
A32047	S. Ambrose	1	t
A56832	Iesus Christ	2	t
A08637	John Ethredge	1	t
A28514	Ioſeph Boden	2	t
A12209	John Howland	1	t
A37285	Noble Perſonage	1
A69129	Honourable LORDS	1
A29432	R. Baily ▪ London	1	t
A95827	R. W. WHen	1	t
A10822	Iohn Bradley	1	t
A60972	William Alison	1	t
A78018	Jeſus Chriſt	1	t
A43318	Robert Bostocke	1	t
A49473	Martin Bond	1	t
A54808	PHILIP Earl	1	t
A69024	Honourable Court	1
A28810	Cardinal Wolsey	1	t
A91306	Sir Philip Stapleton	1	t
A86261	John Babington Treaſurer	1	t
A90603	Iaſpar Clayton	1	t
A17286	Daniel in	1	t
A70279	Noble Friends	1
A43816	Dr Ames	1	t
A91988	Your Lordship's	1
A28212	Your Highneſſes	1
A43819	THOMAS HILL	1	t
A96944	Alſo S. Paul	1	t
A67073	Most Noble LORDS	1
A40024	Honourable Aſſembly	1
A91224	Philip Carteret	1	t
A01052	IOHN FORD	1	t
A79477	Pope Alexander	1	t
A45546	Honoured SIR	1
A43819	the Prince of Peace	1	t
A50854	Deserving Gentry	1
A49473	Thomas Chamberlaine	1	t
A47629	MinisterMaster Buckley	1	t
A91224	His Muſe	1
A56144	Your Honours	4
A95892	Honourable Lords	1
A34593	J. B.	1	t
A77323	William Barkeley	1	t
A97126	JOHN WARD	1	t
A94733	JOHN TOMBES	1	t
A12145	Henry Osborne Esquire	1	t
A12184	MAVRICE ABBOT KNIGHT	1	t
A96686	▪ Gorton	1	t
A05161	Majesties Honourable	1
A27361	J. P. how	1	t
A56976	Mrs Elizabeth Usher	1	t
A03196	ROBERT COOKE	1	t
A10663	EDVVARD REYNOLD'S	1	t
A57648	FRANCES Countess	1	t
A54808	To Charlemain's	1	t
A43818	Lady ;	1
A40669	Noble Patroness	1
A34747	Elect Lady	1
A85448	Your Honours	1
A86261	M. Richard Aldworth	1	t
A10819	Your Royal	1
A90603	Walter Rogers	1	t
A30262	Stephen Marshal	1	t
A13439	Tabitha Turbulent	1	t
A01344	Thomas Fuller	1	t
A45546	Worthy FRIEND	1
A90603	Andrew H	1	t
A30705	William Watkin Gent	1	t
A46895	RICHARD GURNY Knight	1	t
A41355	E. F.	1	t
A97129	John Ward	1	t
A69024	Amasiah King	1	t
A28186	Richard sbuttleworth	1	t
A85371	Ambroſe ſay of	1	t
A83501	ſervantThomas Edwards	1	t
A38677	Queen Elizabeth	1	t
A49473	Honourable Privy-Counsell	1	t
A92138	Jeſus Chriſt	2	t
A47618	Martin Luther	1	t
A77323	Worthy Sir	1	t
A49748	William Laws	2	t
A38615	Saint Quintin	1	t
A85388	THOMAS GAGE	2	t
A46909	Artaxerxes King	1	t
A79473	Saint Machiavel	1	t
A50772	WILLIAM MEVVE	1	t
A97129	Maſter Thomas Hale	1	t
A85505	S. Paul .	1	t
A10819	Lord Mountioy	1	t
A28809	Loyal Subject	1
A30705	David LLoyd ap	1	t
A43484	Your Highnesses	1
A61119	JOHN SALTMARSH	1	t
A38663	ANTHONY NICOLL	1	t
A43818	Honoured Sir	2
A32802	Iohn White	1	t
A64897	Englands Commons	1
A79477	Pope John	1	t
A65782	R. Honourable	1
A43824	L. Mountague	1	t
A13439	Sweet Sisters	1
A54528	Lord Major	1
A62938	Your Lordship's	1
A13393	HONOURED SIR	1
A15013	Maſter Whately	1	t
A43824	S. Wil.	1	t
A40683	Your Servant	1
A13439	Maechael Helena	1	t
A95657	Jeſus Chriſt	1	t
A54669	Anne Glover	1	t
A43598	T. H.	1	t
A30300	HENRY BVRKHEAD	1	t
A05161	R. B.	1	t
A95657	Your Worſhips	1
A47629	Petrus Lombardus	1	t
A61475	Peter Sterry	1	t
A91187	Martins Echo	1	t
A94728	Friend Mr	1
A60972	Philip Stapleton	1	t
A35353	RICHARD CVLMER	1	t
A66737	Gracious King	1
A05590	WILLIAM LITHGOVV	1	t
A26353	D. Luthers	1	t
A38090	Mr Simpson	1	t
A49473	Randall Manwaring	1	t
A64057	Bishop Morton	1	t
A29432	the Noble Patriots	1
A02520	J. Exon	1	t
A34599	Courteous Reader	1
A67073	Edward Viscount Mandevilc	1	t
A48307	HARLEY Knight	1	t
A91224	WILLIAM BALFORE Knight	1	t
A83501	King Hezekiah	1	t
A41427	THOMAS FAIRFAX Knight	1	t
A45589	Servant ; PEDAELL HARLOWE	1	t
A43824	S. Anth. Irby	1	t
A64135	Gregory Nazianzen	1	t
A91224	PHILIP CARTERET Knight	1	t
A94736	Richard Cole	1	t
A55028	Devoted Servant	1
A50854	Humphrey Mill	1	t
A11378	A Beadsman for Your Highness J. Saltmarſhe	1	t
A83501	Flacius Illyricus	1	t
A69521	Mris Carent	1	t
A45550	JOHN GAYR Knight	1	t
A79473	JOHN CULPEPPER	1	t
A64135	Aruleno Ruslico	1	t
A08628	Iohn Suckling Knight	1	t
A27361	Friends ;	1
A17286	Viſcount MANDEVILLE	1	t
A86226	Father W. HERBERT	1	t
A39599	Nathaniel Barnardiſton	1	t
A10822	Henry Sanders	1	t
A56127	Thomas Aston	1	t
A52444	Philip Sidney	1	t
A92764	Saint Auguſtine	1	t
A27638	Saint Auguſtine	1	t
A26045	IOHN ASPLEY	1	t
A45214	YOur Majeſty	1
A42215	Your Worſhips	1
A88086	JOHN LEWIS	1	t
A46895	Rachels Ben-oni	1	t
A41009	A. Ritter	1	t
A95892	Honour ;	1
A79473	Your Friend	1
A49473	James Bunce	1	t
A05161	A. C. then	1	t
A86261	J. V. wishes the	1	t
A52444	King Iames	1	t
A91309	William Prins Twelve Queſtions	1	t
A34599	William Lord Archbiſhop	1	t
A32047	Your Honours	1
A85448	Lord Mayor	1
A61155	Noble Citizens	1
A56192	Grotius de Jure belli	1	t
A35730	Your Lordsh	1
A10819	Socrates Opinion	1	t
A89585	Iohn Trevor	1	t
A27163	Your Highness	1
A49473	Robert Davies	1	t
A40669	Your Father's	1
A38109	Your Honours	1
A27499	Chriſt Ieſus	1
A25886	Mother ▪	1
A47629	Peter Lumbard	2	t
A31115	Moſt Renowned Worthies	1
A28810	William Slade	1	t
A56191	Your Highness	1
A27163	a Royal Father	1
A85505	M. Brightman	1	t
A97343	The Lord	1	t
A90266	Captain Gam	1	t
A47631	Servants Pro	1
A43318	Alexander Henderson	1	t
A41485	JOHN PYMME Eſquire	1	t
A64135	K. Allured	1	t
A97067	Noble Lord	1
A86730	Servant in the work of Chriſt	1	t
A10822	Iohn Venn	1	t
A28809	Your Majesty	1
A85889	MOſt Noble Senators	1
A26353	Nicolas Amsdorf Bishop	1	t
A37285	George Butler	1	t
A25221	Captain Thomas Chambrelan	1	t
A70099	William Fenwick	1	t
A43598	Worthy Sir	1
A10822	Marmaduke Royden	1	t
A34599	Maſter Caſe	1	t
A91187	Honourable Aſſembly	2
A13439	Luce Lye-close	1	t
A25221	Iohn Cordwell Knight	1	t
A43483	Frederick Henry	1	t
A27497	Spanhemius Profeſſor	1	t
A89149	Alberto Scipioni	1	t
A01342	JOHN Lord POWLET	1	t
A27789	Fret Errinnys	1	t
A61026	William Strickland Knight	1	t
A34599	John Cotton	2	t
A49748	Gracious Sovereign	2
A05161	D. Field	1	t
A34747	Worthy Sir John Hobarte	1	t
A28809	Your Majesties	1
A67551	Sir Martin Lumley	1	t
A79474	Servant Francis Cheynell	1	t
A43825	King Solomon	1	t
A30577	Honourable Privy Counſel	1
A34747	IOHN CARTER	2	t
A86261	Clethrow Knight	1	t
A67551	Thomas Barington	1	t
A64135	K. Iohn's	1	t
A91306	Your Honours	1
A47629	M. Bals Catechism	1	t
A66596	EDWARD DERING	1	t
A41150	Chriſts Meſſengers	1
A54990	Richard Plantagenes	1	t
A38109	Maier Aldermen	1
A32323	Reverenced Friend	1
A48307	Great Budworth	1
A90603	Peter Worſter	1	t
A95892	Harbotle Grimſtone	2	t
A14722	Paulus Em	1	t
A91187	Iohn Presbyter	2	t
A56135	Your Honours	1
A70099	Lord Percy	1	t
A90603	Spencer Vincent	1	t
A47629	M. Ley	1	t
A64057	K. Iohn's	1	t
A51324	W. S.	1	t
A70828	Thomas Palmer	1	t
A29223	RICHARD HUTTON Knight	1	t
A32323	Lady Temperance	1
A79473	Lordly Prelate	1
A85683	Lord Biſhop	1
A29737	Illustrious Father	1
A64135	St Augustine Archbishop	1	t
A13439	Vrsula Vpsefreeze	1	t
A61359	GULIELMO D'OYLY EQV	1	t
A78979	Gregory Nazianzen	1	t
A01773	Sir Thomas Fisher	1	t
A51922	Robert Codrington	1	t
A47629	Master Lombard	1	t
A04155	IOHN IACKSON	1	t
A01750	William Gilbert	1	t
A70872	Anne Carteret	1	t
A12209	Your Worships	1
A78965	Jeſus Chriſt	1	t
A58824	T. S.	1	t
A58210	Christs Ministers Io	1
A86261	Alderman Pennington	1	t
A05161	Your Majesty	7
A13014	RICHARD YOUNG	1	t
A37463	D. L. M.	2	t
A13699	Heretics Schismatics	1
A43821	JOHN BROWN Esq	1	t
A43401	Caesars Virgil	1	t
A43816	Thomas Hill	1	t
A34747	Noble Gentleman	1
A66737	Your Grace	1
A04907	PAVL PINDER	1	t
A61155	THOMAS FAIRFAX	1	t
A61475	Ezekiel ;	1	t
A88994	Albert Duke	1	t
A70130	Thomas Middleton	1	t
A56191	WILLIAM PRYNNE	1	t
A47618	Ralph Lurdane	1	t
A56144	Willielmus Laud	2	t
A77017	William Twiſſe	1	t
A79477	Alexander Cook	1	t
A38090	M. Sympson	6	t
A10819	Your Honours	1
A05161	A. C. for him	1	t
A95751	Almighty God	1	t
A56127	Honourable Senators	1
A27361	Saviour Christ	1	t
A95888	Iohn Wollaſton	1	t
A91306	John Lord Roberts	1	t
A34747	Philip Hobarte	1	t
A85462	Your Honours	1
A31021	Honoured Sir	1
A47629	Irrefragabilis Thomas Aquinas	1	t
A79473	Dr Fell	1	t
A30577	Lord Bourchier	1	t
A43824	Denis Bond	1	t
A57675	Lord Ross	2	t
A96698	Father ſo	1
A60972	William Strickland	1	t
A91309	Iohn Goodwins	1	t
A37463	Your Honours	1
A04909	JOHN VEN	1	t
A90603	Samuel Bridge	1	t
A61092	John Crew Esquire	1	t
A63067	Friend Colonel	1
A70159	Lionell Gatford	1	t
A37285	Worthy Sir	1
A17286	W. Gr	1	t
A91187	Judicious SENATORS	1
A70924	Your Honour	2
A38090	M. Simpson	1	t
A06402	Thomas Lower Esquire	1	t
A69646	Frederic the Pa	1	t
A05597	Late Father's	1
A42751	Worthy Member	1
A41009	Caius Caesar	1	t
A42751	MASCALL GILES	1	t
A56127	Rabanne Maurus	1	t
A42351	JOHN HOBART	1	t
A45589	Lord Privy Seal	1
A01849	S. B.	1	t
A47074	S. Iones	1	t
A50030	TO M. G. M. IN	1	t
A56127	See M. Latim	1	t
A13017	A. B.	1	t
A85448	God Almighty	2	t
A91187	Your Honours	1	t
A10790	Heroine Lady	1
A34599	Simon Bar-Jona	1	t
A86261	Lord Major	1
A57976	D. Hall	1	t
A85448	IOHN GORE	1	t
A11380	Servant J. SALTMARSHE	1	t
A05590	Your Honours	1
A56127	Honourable Worthies	1
A57248	THOMAS FAIRFAX	1	t
A64135	S. Hilary	1	t
A12166	Noble Stock	1
A85036	Maſter Saltmarſh	2	t
A14722	Noble Captains	1
A03196	T. H. Excellent Creature	1	t
A08829	Iesum Christum	1	t
A41142	Honour Father	1
A17129	E. B. wishes the	1
A93655	John Saltmarſh	1	t
A32323	Edward Calver	2	t
A70099	Honourable Privy-council	1
A60972	M. Alured	1	t
A62101	E. S.	1	t
A34599	Oh Father	1
A85683	JOHN GREGORY	1	t
A67119	Charles Prince	1	t
A70701	VVilliam Neale	1	t
A81339	Georgius Dering	1	t
A38615	PHILIP Earl	2	t
A47629	Davids Counseller	1
A01531	Reverend Divine	1
A64135	S. Dominick	1	t
A47629	Mr Carill	1	t
A30705	Hugh LLoyd Gentlem	1	t
A28810	Nathanael Mountney	1	t
A61470	Heavenly Spouse	1
A05161	S. Luk	1	t
A64135	Son Maximilian	1
A56144	Noble Knight	1
A56127	WILLIAM PRYNNE	1	t
A52050	STEPHEN MARSHALL	1	t
A64897	RICHARD SPRIGNALL	1	t
A49473	Matthew Forster	1	t
A26722	Honoured Lady	1
A95878	Anne Sprignall	1	t
A93880	S. Paul	2	t
A20724	Virtuous Lady	1
A67073	John Lord Roberts	1	t
A29432	The Lord	1
A41009	Master Calvin	1	t
A47791	HAMON L'ESTRANGE	1	t
A44745	Sir W. S. Knight	1	t
A85551	BENJAMIN RUDYARD	1	t
A90603	Nicholas Cook	1	t
A49473	DONALD LUPTON	1	t
A46836	Daughter Sarah	1
A95888	JOHN VICARS	1	t
A70099	Algernon Earl	1	t
A64135	CHRISTOPHER HATTON Knight	1	t
A87152	Robert Harris	1	t
A46836	HIS RESCPECTED FRIEND	1
A77017	SAMPSON BOND	1	t
A46836	Mris SARAH WIGHT	1	t
A07541	Lord Ferrers	1	t
A69024	Lords Prophet	1
A03845	Constant Princess	1
A64057	Servant J. TAYLOR	1	t
A88086	THOMAS MIDDLETON	1	t
A32016	Jesus Christ	1	t
A95892	Richard Sprignall	1	t
A11378	Your Self	1
A94728	JOHN TOMBES	1	t
A64135	Bishop Morton	1	t
A79477	Ieſus Chriſt	3	t
A88290	Gerard Mercator	1	t
A59630	Worthy Friend	1
A95888	J. V. moſt	1	t
A54990	William Berkley	1	t
A46836	Mris MARRY WIGHT	1	t
A30705	Iohn LLoyd Eſq	1	t
A07330	Kenelme Digby	1	t
A56149	H. P.	1	t
A43818	Alderman Adams	2	t
A05161	That M. Fisher	1	t
A07542	Servant : HUMPHRY MILL	1	t
A62099	Honourable Lord	1
A46909	John Johnſon	1	t
A07248	Warham Sentliger	1	t
A35274	Honoured Sir	1
A02000	Bernat Cuſana	1	t
A67551	William Massam	1	t
A07248	PHILIP MASSINGER	1	t
A02000	William Style	1	t
A95897	John Vicars	1	t
A17129	E. B.	1	t
A27810	M. ZACHARY BOYD	2	t
A02741	WILLIAM HARRISON	1	t
A94735	Richard Aldworth Eſquire	1	t
A45319	Noble KNIGHTS	1
A41142	Your Honour	1
A94728	James Ruſſel Merchant	1	t
A10790	DOROTHY SYDNEY	1	t
A95892	William Waller	1	t
A10822	Edmond Forster	1	t
A30705	Humphrey Owen	1	t
A01342	JOHN POWLET	1	t
A05161	S. Iod	1	t
A67068	GEORGE WALKER	1	t
A10279	Richard Croſhaw	1	t
A13439	Ellen Ever-heard	1	t
A49748	Moſt Sacred Majesty	2
A43562	Jdolizing Neighbours	1
A14290	Saint Lycia	1	t
A86261	D. Baker	1	t
A85889	Maſter Barton	1	t
A30705	Sovereign Lord	1
A96992	Henry Walker Cantab	1	t
A39212	Iacob ▪	1	t
A54990	M. Evelins	1	t
A88994	His Ambassadors	1
A01234	William Freak	1	t
A94457	Honourable Houſe	1
A92138	S. R.	1	t
A61475	Worthy Senators	1
A49473	George Langham	1	t
A89235	Your Perſon	2
A70701	Gaspar Waserus	1	t
A30705	Evan Gwin Eſq	1	t
A97129	William Wilſon	1	t
A32802	Popish Socinians	1
A43093	Honourable Gentlemen	1
A86261	Roger Drake	1	t
A69129	WILLIAM TEELING	1	t
A40683	THOMAS FULLER	1	t
A35730	Maxentius Johannes	1	t
A01531	Sen Agam .	1	t
A90266	William Row	1	t
A38109	Ambrose Bishop	1	t
A03233	Lord Mayor	1
A25390	Honourable Privy COVNCELL	1
A13439	Parnell Prate	1	t
A91187	Enſign Ratford	1	t
A41009	JOHN DOWNAM	1	t
A42757	Reverend Colleagues	1
A31221	OLIVERO St. JOHN	1	t
A37285	JOHN DAY	1	t
A88290	JOHN THOMPSON	1	t
A84337	JOHN EACHARD	1	t
A56135	Noble Senators	1
A61475	Honourable Father's	1
A56127	Bishop Bilson	1	t
A85505	Cyril Biſhop	1	t
A87081	Chriſt Jeſus	1	t
A49473	Thomas Covell	1	t
A41964	A. Gellius	1	t
A56199	Servant William Prynne	1	t
A32308	Nathaniel Thurſton	1	t
A46910	RICHARD COMPTON	1	t
A85889	Mark ▪	1	t
A57659	Your Worships	1
A56144	Traitorous Predeceſsor	1
A86360	Worthy Sirs	1
A95892	Gracious Honour	1
A34548	Servant N. N. wishes	1	t
A69024	Majesties Name	2
A05597	Royal Sir	1
A91298	Heroic Worthies	1
A90603	Francis Pat	1	t
A12148	Richard Owen	1	t
A70159	the Lord	1
A43825	B. Andrews	1	t
A95878	John Vicars	1	t
A70924	Illuſtrious Lord	2
A31221	D. D. D.	1	t
A67227	H. W.	1	t
A34593	Royal Father	1
A39313	Ieſus ChriſtRev	1	t
A43817	THOMAS HILL	1	t
A28212	JOHN BERKENHEAD	1	t
A54990	Beauchamp Plantagenet	1	t
A54990	C. C. T.	1	t
A07970	THOMAS NABBES	1	t
A14722	Pedro Mexia	2	t
A79475	Ieſus Chriſt	2	t
A14290	Noble Lord	1
A56127	Saint Bernard	1	t
A26353	D. Luther	2	t
A67095	Iesus Christ	1	t
A67876	WORTHY PATRIOT	1
A29432	Proteſtant Aſsemblies	2
A41964	John Greaves	1	t
A29206	Lord Ogle	1	t
A61092	M. Crew	1	t
A11519	Pope Julius	1	t
A56127	Mariae Virginis	1	t
A85664	Rabbies Rabbi Shimeon	1	t
A61155	Jesus Chriſt	1
A85716	▪ Harbottle Grimſtone	1	t
A68655	Honourable Personages	1
A09197	H. P.	1	t
A56171	WILLIAM PRYNNE	1	t
A97126	MY LORDS	2
A56144	Reverend Father	2
A64057	CHRISTOPHER HATTON Knight	1	t
A12182	D. Sibbs	1	t
A30714	Iohn Bullack	1	t
A93655	Jeſus Chriſt	2	t
A29731	Honoured Cousin Sr	1
A51643	Your Lordship's	1
A86261	JOHN VICARS	2	t
A64897	RIght Noble Lords	1
A10819	Mighty Monarch CHARLES	1	t
A35730	Edward Dering	1	t
A58210	Thomas Mallet Knight	1	t
A54528	Iohn Foulke	1	t
A47618	LecturersMr Marshal	1	t
A14722	Ezekiel )	1	t
A09626	S. P. Wishes	1	t
A30577	Baron Ferrars	1	t
A35343	RALPH CUDWORTH	1	t
A91187	WILLIAM PRYNNE	1	t
A30577	Viſcount Hereford	1	t
A27499	John Baptiſt Lycia	1	t
A26353	Iohn Dury	1	t
A89149	dateHenry Wootton	1	t
A29528	IOHN WENTWORTH	1	t
A43821	Jesus Christ	1	t
A62099	Jesus Christ	1	t
A30705	Walter LLoyd Eſq	1	t
A46823	Chriſt ▪	1	t
A11519	Renowned Common-Wealth	1
A93655	Master Prynne	1	t
A25221	Lybbe Chapman	1	t
A16650	the Constable of the Ward	1
A29737	Mighty Prince CHARLES	1	t
A05590	Your Noble	1	t
A16110	G. A. Londini	1	t
A41427	Bartholomeo de las Casas	1	t
A14722	Your Lordship's	1
A64409	S. Tereſa	2	t
A61101	J. S.	1	t
A89591	STEPHEN MARSHALL	1	t
A42725	Eleazar Gilbert	1	t
A26722	Iesus Christ	1	t
A46836	Jesus Christ	3	t
A08637	Edward Albiſton	1	t
A05161	A. C. nibbled	1	t
A95888	Anne Sprignall	1	t
A86261	Iohn Vicars	1	t
A25221	George Burrish Wardens	1	t
A62101	Noble Sir	1
A13699	S. Paul	4	t
A49473	John Gear Col	1	t
A38109	M Salimarsh Smoke	1	t
A86786	J. HALL	1	t
A44745	J. H.	1	t
A54990	M. Leonard Calvert	1	t
A91306	Francis Lord Willoughby	1	t
A30249	Honoured Madam	1
A89563	Edwards Ga	1	t
A25906	Daniel in	1	t
A10190	Royal Posterity	1
A70828	Great General	1
A40662	LADY GOVERNESSE	1
A88947	RICHARD MATHER	1	t
A34531	JOHN CORBET	1	t
A65268	RICHARD CAMDEN	1	t
A90603	Gregory Nazianzen	1	t
A43318	Master Henderson	1	t
A89149	Henry Wootton	1	t
A37463	Henry Burton	1	t
A65782	Viscount Conoway	1	t
A71091	Rebel Rodolphus	1	t
A89582	S. M.	1	t
A27361	James Story	1	t
A15013	Chriſtian Friend	1
A40669	Hinton ▪	1	t
A20724	Edward Lord Newburgh	1	t
A03845	Lady Arabella	1	t
A95657	Rachel expreſſed	1	t
A30262	Cornelius Burges	1	t
A65782	J. W.	1	t
A43479	Fredrick Henry	1	t
A59949	Your Servant	1
A64135	Jesus Christ	1	t
A30714	Richard Butcher	1	t
A64606	Thomas Urchard ▪	1	t
A05161	A. C. his Relation	1	t
A12167	PHILIPPVS NIGH	1	t
A25906	William Playters Knight	1	t
A91224	WILLIAM PRYNNE	4	t
A91298	William Waller	1	t
A12166	Iesus Christ	1	t
A66737	Your Father's	1
A67068	William Massam	1	t
A89577	Commons Aſſembled	1
A57976	M. George Wishart	1	t
A64606	Lord Baron	1
A85979	HONOURABLE SENATORS	1
A30705	Iohn Ʋaughan Eſq	1	t
A41355	E. F. wishes the	1	t
A27638	IOHN BEVVICK	1	t
A12184	Lord Mayor	1
A96941	G. W.	1	t
A85867	Valentine VVauton Eſquire	1	t
A35730	Saint Peters	1	t
A30705	David Rees Gent	1	t
A91224	William Balfoure	1	t
A34821	Honoured Sir	1
A27638	Viſcount Hereford	1	t
A56144	Renowned Prelate	1
A43825	Thomas Hill	1
A32308	Worshipful William Heveningham	1
A05161	S. Aug. Serm	1	t
A79473	Dr Fern	1	t
A57969	Jesus Christ	1	t
A07541	Viscount Hereford	1	t
A17129	Helena Phelips	1	t
A10822	Samuall Carlton	1	t
A88994	JOHN MAYNARD	1	t
A61475	Iesus Christ	1	t
A01342	Noble Patroness	1
A17286	Ieſus Chriſt	1	t
A81339	Muſae Athenas	1
A30650	WILLIAM PRINNE	1	t
A30705	Thomas Phillips Eſq	1	t
A10822	Nicolas Beale	1	t
A90265	C. Weſtrow	1	t
A11519	F. P. V. S.	1	t
A95892	Thomas Adams	1	t
A51922	Anthony Vincent Knight	1	t
A93880	Jeſus Chriſt	5	t
A54990	Terras Bolarmack	1	t
A79473	Sir John	1	t
A60361	William Slatyer	1	t
A49473	Viscount Hereford	1	t
A00966	Attributes VVILLIAM	1	t
A70454	Lord General	1
A07711	S. THOMAS MOORE	1	t
A45214	Your Majesty	1
A27487	the Lord	1
A79477	Honourable Houſe	2
A83501	Honourable Houſe	5
A47629	M. Ball	1	t
A87629	R. Dillon	1	t
A27361	J. P. hath	1	t
A43816	Heathen Socrates	1	t
A11380	ARTHUR INGRAM	1	t
A01750	Majeſties Moſt	1
A43401	Philip Herbert	1	t
A04155	Timothy Hutton	2	t
A43824	Doct Stanton	1	t
A13699	Rebecca did	1	t
A26353	P. Melanct	1	t
A62938	George Took	1	t
A66597	Zwinglius de bello Helvetico	1	t
A29737	Sir Francis Bacon	1	t
A85683	Reverend Father	1
A14722	Statesman Commineus	1	t
A85542	J. G.	1	t
A29528	IOHN ROWSE Knights	1	t
A16536	Saint Iohn	1	t
A64897	J. V. HIS MOSTUNWORTHIE	1	t
A30105	JOHN BULVVER	1	t
A91298	Sir William Bruerton	1	t
A87607	Kek Syſt	1	t
A89585	STEPHEN MARSHALL	1	t
A17286	Daniel of	1	t
A56127	Father Augustin	1	t
A54528	Lambertus Hortensius	1	t
A61119	Noble Citizens	1
A38109	Noble Emperor	1
A12209	R. T.	1	t
A54668	Lord Chamberlain	1
A16927	WILLIAM Earl	1	t
A45482	Majesties Favour	1
A49473	Great Lord	1
A95751	Your Ladyships	1
A41009	S. Jerome	1	t
A56199	William Boswell	1	t
A64135	Aeneas Sylvius	1	t
A05161	S. Peter	1	t
A79473	Majeſties Title	1
A39313	NOble Princes	1
A56144	Regis Edwardi	1	t
A21479	Leonard Lawrence	2	t
A64135	Emanuel Philibert	1	t
A05161	D. White's	1	t
A62099	Noble Pat	1
A79473	Dr Baily	1	t
A86986	Your Lordship's	1
A86986	WILLIAM HALL	1	t
A89577	His Excellency	1
A10822	Tobias Massy	1	t
A28139	CHriſtian Reader	1
A67119	Nursing Father's	1
A43818	Iohn Wollaston	1	t
A09626	RICHARD PELHAM	1	t
A10822	WORTHY FRIENDS	1
A69521	Mris Elionor War	1	t
A03845	Lord Lieutenant	1
A46823	Jeſus Chriſt	1	t
A49473	Lord Chamberlain	1
A89500	THOMAS MANTON	1	t
A30705	Richard Price K. Baronet	1	t
A67085	S. Iohn	1	t
A16685	RIGBY Esq	1	t
A67155	H. Walker	1	t
A86261	Richard Gurney	1	t
A70828	Lord Bourcher	1	t
A30300	Baron Beaufort	1	t
A58824	G. C. AND HIS	1	t
A03845	Eldest Daughter	1
A86226	Chriſt Jeſus	1	t
A10190	Noble Senare	1
A18334	DONE Diego Puede-Ser	1	t
A12143	Charles Porter	1	t
A12817	Anthony Stafford	1	t
A56256	H. P.	1	t
A32308	Edward Calver	1	t
A56127	N. Br.	1	t
A43824	M. Salwey	1	t
A56171	Your Honours	1
A95751	THOMAS URQUHART	1	t
A90603	WILLIAM GIBBS	1	t
A49473	Thomas Soame Col	1	t
A69129	W. Ames	1	t
A64135	S. Chrysostome	1	t
A64409	Servant M. T.	1	t
A69646	Honoured Lords	1
A34821	I S. of P. Esquire	1	t
A96698	Jerrard Winſtanley	1	t
A93655	The Lord	1
A38677	King Iames	1	t
A43483	Your Lo	1
A95888	Richard Sprignall	1	t
A39313	Reverend Father's	1
A05161	S. Matth	1	t
A42838	Richard Lovelace	1	t
A63067	JOHN BRIDGES	1	t
A54528	the Son	1
A70130	W. GOUGE	1	t
A96652	Saint Paul	1	t
A60972	M. Hoyle	1	t
A64135	R. Father	1
A15013	M. Harris	1	t
A13439	Ioaene Jowl	1	t
A95892	Eſq Lord Major	1
A17286	John Ep	1	t
A69129	Noble Lords	1
A70828	Most Noble General	1
A51725	RICHARD WHITAKER	1	t
A30705	Robert Corbet Eſq	1	t
A54990	Katherine Baroness	1	t
A02741	Your Worships	1
A40024	William Lang	1	t
A05161	A. C. When	1	t
A46909	John Savile	1	t
A35730	DERING Knight	1	t
A96652	Lucians Momus	1	t
A05161	A. C. and	1	t
A54528	Abraham Reynardson	1	t
A14727	▪ S. W.	1	t
A47616	Your Honours	1
A09626	WORTHY SIR	1
A42725	Eleaſar Gilbert	1	t
A56780	M. Richard Gipps	2	t
A54528	Iohn Cordell	1	t
A48432	John Lightfoote	1	t
A28926	M. ZACHARY BOYD	1	t
A29975	My Lord	1
A43817	Noble Worthies	1
A89563	Reverend Sirs	1
A88086	Maſter IOHN GLYNNE	1	t
A69521	Steeple Ashton	1	t
A90603	Iohn Davis	1	t
A62938	GUSTAVUS ADOLPHUS	1	t
A77323	William Bagwell	1	t
A77496	John Brinſley	1	t
A66596	Bernards Bern	1	t
A47629	Reverend Pastor	1
A93709	John Saltmarſh	1	t
A05597	Heavenly Angels	1
A41142	THOMAS HILL	1	t
A34718	Georgianii Equiti	1	t
A49473	John Venn	1	t
A54990	Saint Sebaſtans	1	t
A87152	Jonahs Gourd	1	t
A69646	JOHN MILTON	1	t
A79475	Francis Cheynell	1	t
A66737	Great Sir	1
A56144	Williamus Laud	1	t
A79477	Trithemius Abbot	1	t
A95892	Walter Young	1	t
A05161	W. CANT	1	t
A14722	Servant R. W.	1	t
A43562	Provincial Counsels	1
A58824	Your Beadsman	1
A28809	Richard Boothby	1	t
A38615	MY LORD	2
A89420	Your Lordſhip's	1
A46836	Lawrence Pountney	1	t
A64135	Honoured Lord	1
A61155	Mordecai ſaid	1	t
A47791	Saint Basill	1	t
A34599	Honourable Court	1
A64897	Englands God	1	t
A70378	S. MARTINS	1	t
A05161	A. C. of	1	t
A27638	Your Excellency	1
A69646	Martin Bucer	4	t
A14290	Old Souldours	1
A85551	JOHN GRANT	1	t
A43819	Ecclesiastical Synods	1
A95892	Matthew Brand	1	t
A42489	Honourable Houſe	1
A91309	Burtons Vindication	2	t
A93880	Saint Paul	1	t
A97129	Edward Phelps	1	t
A25390	Baron Littleton	1	t
A12182	Your Honours	1
A21479	Reader ; the	1
A10279	Richard Croſhawe	1	t
A96686	Honourable Members	1
A95657	JOHN FRANKLIN	1	t
A16536	M. ZACHARY BOYD	2	t
A43824	S. Wil. Strickland	1	t
A47618	George Eagles	3	t
A61053	JOHN SPEED	1	t
A29975	PHILIP Earl	1	t
A90668	Saint Paul	1	t
A89149	Lord S. as	1	t
A41150	Reverend Balmford	1	t
A91224	Honoured Friend	1
A32308	John Mayhew	1	t
A01849	Richard Hurſt	1	t
A57529	Noble Lady	1
A27257	WHen Johnson	1	t
A07979	Richard Braithwaite ESQVIRE	1	t
A45550	Nathanael Hardy	1	t
A30705	Your Majeſties	1
A47074	Worthy D. Gouge	1	t
A13439	Margery Quiet	1	t
A67551	Edward Deering Knight	1	t
A89583	Servant STEVEN MARSHALL	1	t
A86261	Alderman Atkins	1	t
A91306	Noble Patronage	1
A52043	Stephen Marshall	1	t
A91314	THOMAS FA	1	t
A64135	Servant J. TAYLOR	1	t
A27638	Lord Bourchier	1	t
A47616	D. L.	1	t
A05161	A. C. in	1	t
A64253	Your Worships	1
A28303	ELIDAD BLACKWELL	1	t
A89563	Steven Marshal	1	t
A05161	S. Aug.	1	t
A97129	Henry Lane	1	t
A27497	Abrah Scultetus	1	t
A56144	Regis Ricardi	1	t
A39282	JOHN ELLIS	1	t
A97067	Your Lordſhip	1	t
A47631	Elect Lady	1
A56144	Commons Houſe	1
A95897	THOMAS ADAMS	1	t
A13014	GILBERT HARRISON	1	t
A38771	JOHN EVANS	1	t
A61155	Maſter Prynne	1	t
A43816	Communis Concilii	1
A25886	Honours John Arrowſmith	1	t
A27497	S. Pauls	1	t
A45546	JOHN RVSHOVT	1	t
A90997	R. P.	1	t
A04155	Edmund Cleburne	1	t
A70924	Majeſties Houſehold	1
A26353	George Anhaltinus Bishop	1	t
A08628	Wye Saltonstall	1	t
A43401	Lord Lieutenant	1
A77856	Cornelius Burges	1	t
A67119	Solomon King Iames	1	t
A43562	Richard Heyricke	1	t
A43816	D. D. D.	1	t
A56192	Your Lordship	1
A13439	Mary Make-peace	1	t
A46836	Iesus Christ	1	t
A48433	J. L.	1	t
A30705	Rich Over	1	t
A89149	Your Friend	1
A69521	Sweet Lady	1
A05161	A. C. at the print	1	t
A07541	HUMPHRY MILL	1	t
A27361	J. P.	1	t
A85036	Nephews Thomas Fuller	1	t
A41150	John Fenwick	1	t
A88994	Servant in the Lord	1
A54990	Virginia Oxen	1	t
A47618	Richard Denton	1	t
A29665	Servant ROBERT BROOK	1	t
A30705	Thomas Milward Knight	1	t
A32323	Your Honours	1
A64135	S. Paul	1	t
A19160	Lord Marshal	1	t
A05161	A. C. and the Iesuite	1	t
A91306	Colonel Sheffield	1	t
A66737	Gracious Lord	3
A32047	Edmund Calamy	1
A97129	Worthy Gentlemen	1
A47618	Master Co	1	t
A54528	Iames Bunce	1	t
A32308	Nicholas Bacon	1	t
A02454	Your Majesty	1
A43824	M. Maynard	1	t
A38677	Philip Sidney	1	t
A30705	Vincent Corbet Eſq	1	t
A85485	William Gouge	1	t
A91187	Centurian Cornelius	1	t
A56256	Gracious Father	1
A47618	Q. Marry	1	t
A14722	RIght Honourable	1
A85370	Marcus Antonius	1	t
A34599	Englands Friend	1
A14722	Paulus Emil	1	t
A88947	WILLIAM TOMPSON	1	t
A86986	NATHANIEL HALL	1	t
A88148	Iohn Lightfoot	1	t
A77017	the Lord of Heaven	1	t
A07541	ROBERT Earl	1	t
A12166	Jesus Christ	1	t
A96941	Alſo S. Paul	1	t
A30705	Iohn Lewis Knight	1	t
A30105	WILLIAM DICONSON ESQUIRE	1	t
A02000	Antonio Gratian	1	t
A65782	James Wadsworth	1	t
A97129	Maſter William Crossed	1	t
A64135	S. Austin	3	t
A56127	Anselmus Cantuariensis	1	t
A59164	Your Majesty	2
A54528	Samuel Warner	1	t
A43816	Friend Richard	1	t
A79473	Welch Atheiſts	1
A91187	Honourable Court	1
A30705	Sampſon Eure Knight	1	t
A95892	His Excellency	1
A13699	S. Iohn	1	t
A81567	Servant GONZALO	1	t
A77497	M. Cook .	1	t
A47618	Stephen Gardiner	1	t
A26353	Thomas Hayne	1	t
A54528	Iohn Kendricke	1	t
A43824	L. North	1	t
A87152	Lord Jeſus	1	t
A29731	Richard Baker	1	t
A14727	Clement King	1	t
A27361	James Russell	1	t
A85664	WILLIAM GREENHILL	1	t
A43824	Whitlock M. Guorden	1	t
A56135	William Prynne	1	t
A25390	Your Honours	1
A07711	L. Chancellor	1
A67085	Gods Spirit	1
A88086	Worthy Sirs	1
A67227	Simon Magus	1	t
A32802	Wise Homer	1	t
A63067	John Trapp	1	t
A56976	Lord Primate	1
A54528	Richard Chambers Sheriffs	1	t
A10822	Robert Davis	1	t
A89235	Henrietta Maria	1	t
A64135	H. Church	2	t
A67551	His Impress	1
A90266	Eſſex Octo	1	t
A40662	Your Honours	1
A90603	Thomas Soane	1	t
A10822	Edward Dichfield	1	t
A49473	John Bradley	1	t
A43824	M. Sollicitor	1
A10819	Honoured Father	1
A56144	Regni Noſtri	1
A91309	Edward Cooks Fourth Inſtitutes	1	t
A92764	Elect Lady	1
A91187	Chriſtian Emperors	1
A61155	The Lord	1
A54528	William Gibbs	1	t
A12598	William Somner	1	t
A49473	Nicholas Beale	1	t
A88141	R. Sol	1	t
A88290	Honoured Friend	1
A77497	M. Marſhals Sermon	1	t
A89564	John Baptiſt	1	t
A71053	JOHN SALTMARSH	1	t
A67068	Thomas Barrington	1	t
A05161	S. Augustine	2	t
A46909	Your Worſhips	1
A95888	Rebecca Wollaſton	1	t
A87629	Henry Jones	1	t
A29737	Illustrious Prince	1
A43824	E. Northumberl	1	t
A49473	Edmund Forster	1	t
A27361	Your Lordship's	1
A12166	JOHN SEDOVVICK	1	t
A92764	Noble Lord	1
A05161	A. C. words	1	t
A60972	Henry Cholmley	1	t
A69521	S. John	1	t
A96941	S. Paul	1	t
A90603	Richard Kimble	1	t
A70924	Lord Chamberlain	1	t
A77017	Sampſon Bound	1	t
A66737	Gracious Sir	3
A61359	THOMAS STEPHENS	1	t
A43479	Prince William	1	t
A60972	John Saltmarsh	1	t
A51324	Knight Sir Thomas Moore	1	t
A14290	Tophets Pain	1
A29432	Your Lordship's	1
A13439	Rachell Rail	1	t
A90603	• ohn Smith	1	t
A43318	Elsynge Cler	1	t
A31021	James Howell Esquire	1	t
A71091	Loyal Subject's	1
A05161	A. C. his Curiosity	1	t
A61155	Thomas Fairfax General	1	t
A70828	Viscount Herreford	1	t
A96652	Sir Charles	1	t
A50854	Noble Lord	1	t
A29432	Mr Williams	1	t
A65782	Your Honours	1
A59997	I. S. wishes	1	t
A70130	Thomas H	1	t
A51725	Your Lordship's	1
A14290	Jesus Christ	1
A47618	William Wolsey Martyr	1	t
A04155	Arch-Bishop Hutton	1	t
A54528	Thomas Atkin	1	t
A90266	Thomas Lord Fairfax	1	t
A10663	God Almighty	1	t
A30705	Joſeph Hexſteter	1	t
A56211	Your Honours	3
A43824	Thomas Hill	1	t
A29737	Thomas Walsingham	1	t
A05161	Filium Dei	1	t
A13439	MARY MAKE-PEACE	1	t
A97067	Rich Fraught	1	t
A32802	G. Nys	1	t
A96686	Samuel Gorton	3	t
A67203	Henry VValker	1	t
A45589	HENRY Earl	1	t
A35274	M. C.	1	t
A39313	Ieſus Chriſt	3	t
A58824	A. Sir	1	t
A85716	Jeſus Chriſt	2	t
A26573	G. A.	1	t
A27499	Chriſt in	1	t
A85683	Honoured Lord	1
A43562	Your Honours	1
A28303	Jeſus Chriſt	1	t
A43824	L. Roberts	1	t
A67095	George Walker	1	t
A41009	Worthy Sir	1
A43824	Servant THOMAS HILL	1	t
A90668	Sir Paul Neale	1	t
A05597	William Lithgow	1	t
A12817	Earl Marshal	1
A91314	Devoted Friend	1
A21479	Adam Lawrence	1	t
A57976	Reverend Beza	1	t
A51324	Lord Chancellor	1
A13699	Saint Austine	1	t
A42725	Lady Bruce	1	t
A57976	Noble Lord	1
A95878	Lady Majoreſſe	1
A42215	Robert Gentilis	1	t
A47618	Queen Elizabeth	1	t
A32308	Noble Knight	1
A93709	Ieſus Chriſt	1	t
A91231	H. PARKER	1	t
A54528	Sir George Clerke	1	t
A43824	S. Robert Pie	1	t
A89149	M. B.	1	t
A87629	J. Temple	1	t
A02741	Richard Fishburne	1	t
A70828	Iesus Christs	1	t
A13699	Christian Reader	1
A85716	Son G. Grimstone	1	t
A54528	Thomas Soame	1	t
A43824	S. Walt.	1	t
A40653	Noble Brother	1
A32802	NOBLE SIR	1
A67155	Royal King	1
A61092	M. Knightleys	1	t
A56192	Honours Person	1
A56144	Arch Traitor	1
A42281	Charles Emanuel	1	t
A29375	Gentleman Sir Miles	1	t
A91309	Chriſtian Princes	2
A08829	Romani Pontificis	1
A91187	Profane Apoſtates	1
A92138	Chriſt Jeſus	1	t
A85664	the Lord for	1	t
A27361	Honoured FRIEND	1
A65782	Robert Tracy	1	t
A83501	moſt Noble Patriots	1
A27499	Iohn Baptiſt	1	t
A49473	Thomas Buckstone	1	t
A47618	Dr Whittington	1	t
A17286	Oh King	1
A61359	GULIELMO PASTON BARONETTO	1	t
A56192	W. PRYNNE	1	t
A57969	Samuel Rutherfurd	1	t
A61359	L. M. M.M.D.D.C.Q.	1	t
A78965	Thomas Adams	1	t
A54528	Isaac Penington	1	t
A37192	PHILIP Earl	1	t
A04651	JOHN BENSON	1	t
A21479	Your Honoured	1
A56127	Saint Chrysostome	1	t
A89235	Your Modeſty	1
A14727	the King of Kings	1	t
A43824	Evangelicall Preachers	1
A41485	Ieſus Chriſt	1	t
A13699	Chaplain WILLIAM PAGE	1	t
A46836	Mary Magdalen	1	t
A13699	W. P.	1	t
A00966	Worthy Sir	1
A61155	IOHN SALTMARSH	4	t
A76316	T. B. In	1	t
A34527	S. Paul	1	t
A64409	Bleſſed Lord	1	t
A41427	Lord FAIRFAX	1	t
A54990	Francis Lord Ployden	1	t
A30705	Timothy Turnor Eſquire	1	t
A03092	R. H.	1	t
A44991	DOROTHY STANLEY	1	t
A34593	Highneſs Uncle	1
A64135	Baron HATTON	1	t
A70654	Stephen Marshall	1	t
A48432	JOHN LIGHTFOOTE	1	t
A16536	Noble Lady	1
A30705	M. Bushel	1	t
A56127	Thomas Gybson	1	t
A32802	Predecessor S. Anselm	1	t
A34747	Lady Frances	1	t
A38677	Saint Michael	1	t
A38090	M. P. and M. W.	1	t
A02000	Lucas Gratian Dantiſco	1	t
A83501	Auguſtirus Regium	1
A12143	W. A.	1	t
A10822	George Langham	1	t
A17129	Lady Marchioness	1	t
A89567	Stephen Marshal	1	t
A35343	Noble Gentlemen	1
A77497	Lucas de Medico	1	t
A90603	William Dev	1	t
A94736	Alexander Popham	1	t
A47629	Edward a	1	t
A21479	Mistress M. S. O	1	t
A10279	Thomas Metham	1	t
A56199	Romish Conspirators	1
A91306	Clement Walker	1	t
A56127	That Saint Bernard	1	t
A49256	Thomas Fairfax	1	t
A02520	Learned CLERGY	1
A79473	Dr Prideaux	1	t
A10790	Lady DOROTHY SYDNEY	1	t
A28810	Majesty King Charles	1	t
A30705	Thomas Bushel	1	t
A59630	Worthy Sir	1
A27257	THOMAS BEEDOME	1	t
A70011	John Ellis	1	t
A12182	LADY ANNE	1	t
A61155	Noble Sir	1	t
A54678	Thomas Philipott	1	t
A47629	Sir Francis Bacon	1	t
A54528	Christian Magistrates	1
A70279	— D. Knight .	1	t
A51725	Honoured Lord	1
A49473	Lord Ferrers	1	t
A91298	WILLIAM PRYNNE	1	t
A70872	Philip Carteret Knight	1	t
A49473	Samuell Carleton	1	t
A43484	HENRY HEXHAM	1	t
A56191	Your Highneſſes	1
A10822	Martin Bond	1	t
A64135	George Cassander	1	t
A26468	WILLIAM PUREFEY	1	t
A86786	John Arrowſmith Maſter	1	t
A86261	William Acton Knight	1	t
A13699	Saint Paul	1	t
A89563	Learned Antagonist	1
A17248	William Purefey	1	t
A43816	Jesus Christ	1	t
A61092	Knight Sir Hen	1	t
A05161	A. C. and Answer	1	t
A66445	Your Father's	1
A10663	Humble Servant	1
A30105	EDWARD GOLDSMITH	1	t
A54990	Earl Palatine	3	t
A30249	Anthony Burgeſs	1	t
A86945	Iohn Clotworthy Knight	1	t
A34747	Your Honours	1
A27361	Thomas Adams	1	t
A54990	Captain Marshal	1	t
A67876	Your Worships	1	t
A32856	W. F. X. B.	1	t
A70159	Servant L. G.	1	t
A38677	HENRICUS ROSAS	1	t
A47629	Matthew Paris	1	t
A49473	Edward Broomefield Col	1	t
A54990	Count Palatines	1	t
A12143	Cornet George Porter	1	t
A90603	Anthony Cross	1	t
A05161	A. C. cheeks	1	t
A13010	A. B.	1	t
A12817	Thomas Lord Howard	1	t
A12817	Your Ladyſhip	1
A13439	Matronlike Hecuba	1	t
A93880	Theſe Three	1
A17286	S. John	2	t
A26722	WILLIAM BARTON	1	t
A43824	the Lord of the Harvest	1	t
A88149	J. L.	1	t
A47629	Queen Elizabeth	3	t
A87081	Daniell Harcourt	1	t
A91309	Apology Separatiſts	1
A20724	Humble Servant	1
A27497	P. Bertius	1	t
A54678	MY LORD	1	t
A57976	Father Diotrephes	1	t
A47791	Saint Paul	1	t
A04907	Suppliant FRANCIS KNIGHT	1	t
A40685	JOHN D'ANVERS Knight	1	t
A29375	Wicked Benjamin	1	t
A56144	William Lord Archbiſhop	2	t
A36292	Your Lordship's	1
A13017	Your Honours	1
A43824	E. Nottingham	1	t
A68655	Valeria Messallina	1	t
A79477	Moguntinus ▪	1	t
A47629	Bishop Ridly	1	t
A56144	Honourable Aſſembly	1
A64135	Minutius Felix	1	t
A13017	HENRY Earl	1	t
A04909	Nicolls Oxon	1	t
A12184	Iesus Christ	1	t
A43401	THOMAS HERBERT	1	t
A44724	Great Sir	1
A86824	THOMAS STANLEY Eſquire	1	t
A32856	JOHANNES CAMILTONUS	1	t
A56144	Willielmo de	1	t
A34747	JOHN HOBARTE	1	t
A91187	Religious Chriſtians	1
A57656	A. R.	1	t
A43817	Robert Grosthead	1	t
A67551	Sir Thomas Middleton	1	t
A91309	Honourable Aſſembly	1
A30705	Your Lordship's	1
A43479	Bishop Granvelle	1	t
A32308	Thomas Baker	1	t
A48307	Honoured Sr	1
A89563	Salem God	1	t
A56144	L. Col	1	t
A91306	Nathaniel Fiennes	1	t
A89578	Servant STEPHEN MARSHALL	1	t
A44991	THOMAS STANLEY	1	t
A13699	Almighty God	1	t
A43479	Prince Maurice	1	t
A45319	Moſt Honourable LORDS	1
A42215	PAUL PINDAR Knight	1	t
A15013	Edward Leigh	1	t
A14290	My Lord	1
A67203	Renowned Patriot	1
A32016	EDMVND CALAMY	1	t
A27163	IAMES Duke	1	t
A43598	T. B. )	1	t
A49473	Marmaduke Rawdon	1	t
A49473	William Gear	1	t
A35274	Thomas Boon Eſquires	1	t
A95892	Thomas Fairfax	1	t
A27499	Jeſus Chriſt	1	t
A49748	Your Majesty	8
A25886	L. C. Dominus	1	t
A29432	Chriſtian Parliament	1
A43816	the Accuser of the Brothers	1
A91306	William Balfore	1	t
A25370	Philip Sidneys	1	t
A01234	Martin Bound	1	t
A43042	Your Honours	1
A69646	Martin Bueer	1	t
A79477	Pope Sixtus	1	t
A66597	Melchior Adam .	1	t
A54808	Honourable Algernon Percie	1	t
A56144	WILLIAM PRYNNE	1	t
A43043	Your Honours	1
A95892	John Vicars	2	t
A05161	A. C.	2	t
A32047	S. Augustine	1	t
A64057	Aeneas Sylvius	1	t
A32308	Henry North	1	t
A43816	Mr Perkins	1	t
A96941	Saint Paul	1	t
A43562	Lancaſhire Preachers	1
A47618	Christian Friend	1
A30300	Honourable HENRY	1	t
A38677	King Francis	1	t
A56211	William Waller	1	t
A64057	H. Church	2	t
A30705	Maſter Bushel	2	t
A90603	George Denham	1	t
A88290	Engliſh Merchant's	1
A62948	Your Lordship's	1
A54990	Baronets L. and M. to	1	t
A49256	Noble General	1
A40669	JOHN LORD POWLET	1	t
A33343	Lord BROOKE	1	t
A54990	Saint Chriſtophers	2	t
A76316	John Turner	1	t
A54528	George Garra	1	t
A05161	A. C. p. 67	1	t
A96944	BETH CHAIIM	1	t
A11380	J. SAULTMARSHE	1	t
A05161	A. C. had	1	t
A46895	St Bernard	1	t
A79473	Mr Chillingworth	2	t
A56144	Charles Coote	2	t
A79475	theſe Elders	1
A05161	Master Fisher	1	t
A38109	Flavianus Bishop	1	t
A38677	T. B.	1	t
A35353	Worthy Sirs	1
A91309	Gulielmus Apollonius	1	t
A01531	JOANE PARKER	1	t
A10822	Mathew Forster	1	t
A90603	Iohn Bludworth	1	t
A91314	WILLIAM PRYNNE	1	t
A95657	the Lord in	1	t
A66445	Your Honours	5
A56127	Your Honours	1
A90266	JOHN OWEN	1	t
A52049	STEPHEN MARSHAL	1	t
A56127	Iohn Bale	1	t
A85664	Deum Rabbi Gamel	1	t
A85867	JOHN GAULE	1	t
A64897	JOHN VICARS	1	t
A70863	WILLIAM PRYNNE	1	t
A41155	Lord Percy	1	t
A93709	Honourable Court	1
A41964	John Selden Esquire	1	t
A64135	S. Cyprian	1	t
A35274	Jeſus Chriſt	3	t
A95657	GILBERT GERARD	1	t
A90265	JOHN OVVEN	1	t
A91298	Lucans Bella	1	t
A29206	Viscount Mansfield	1	t
A56192	Georgius Obrectus de Belli Principiis	1	t
A04909	THOMAS SOAME	1	t
A16536	Potent Earl	1
A56127	Sovereign Lord the King	1
A40728	S. Peter	1	t
A49256	Master Dell	3	t
A93655	Thomas Fairfax	1	t
A05161	Sacred Majesty	1
A10822	George Wawker	1	t
A64057	Reges Deo	1
A07979	Thomas Nabbes	1	t
A90603	Robert Smith	1	t
A62948	WILLIAM Earl	1	t
A47631	Accomplished Lady	1
A37192	Noble Lord	1
A92196	JOHN RAYMOND	1	t
A94736	JOHN TOMBES	1	t
A66737	Mighty Prince	2
A64606	MY LORD	1
A03092	Noble Sir	1
A34599	Honoured Sir	1
A34599	Noble Sir	1
A43821	Thomas Hill	1	t
A34718	Vicecomiti Herefordiae	1	t
A91224	Margaret Prime Flowers	1	t
A56171	haveSee Bishop Hals	1	t
A49473	Henry Sanders	1	t
A38109	THOMAS EDVVARDS	1	t
A30105	HIS HONOURED	1
A91187	Iack Cade	1	t
A27497	IAMES Lord Archbiſhop	1	t
A05161	M. Fisher's	2	t
A77497	M. Calvin	1	t
A32323	JOHN STRVT	1	t
A43816	Heavenly Father	1	t
A25370	N. N.	1	t
A97067	IOHN WALLIS	1	t
A66737	Gracious Sovereign	1
A09197	Worthy Sir	1
A54668	THOMAS PHILIPOT	1	t
A40683	IOHN DANVERS	1	t
A64897	John Vicars	1	t
A67068	Sir Martin Lumley	1	t
A13439	Dorothy Doe-little	1	t
A81339	Deus O. M. ſoſpitet	1	t
A28809	Saint Lawrence	1	t
A02000	Your Highneſſes	1
A38677	REDDITE CaeSARI	1	t
A62099	EDVVARD SYMONDS	1	t
A61943	John Suckling	1	t
A30300	some Royal Majesty	1
A56144	Londons Chaplains	1
A54528	Simon Edmonds	1	t
A32308	Worshipful Sir	1
A79477	Philippus Bergomenſis	1	t
A79474	Your Lordship's	1
A40995	Worthy Sirs	1
A90603	Ruth ▪	1	t
A90265	EDWARD SCOT	1	t
A89586	Prophet David	1	t
A54528	Thomas Culh	1	t
A79473	JOHN PRIDEAUX Biſhop	1	t
A38109	Amphilochius Bishop	1	t
A97246	COurteous Reader	1
A70863	WILLIAM BALFORE Knight	1	t
A13699	Iesus Christ	1	t
A70099	Your Honours	1
A54990	Thomas Lord Ployden	1	t
A57648	Noble Lady	1	t
A14727	Christs Ministers	1
A58210	Surenden Dering	1	t
A54990	the Lord Baltamore	1	t
A89149	HENRY WOOTTON	1	t
A64897	J. V. unfeignedly	1	t
A56144	Regni ſui	1
A91224	Mrs Douſe	1	t
A68655	Nathanael Richards	1	t
A85664	Unworthy Servant	1
A43816	Apostle Paul	1	t
A07542	THOMAS Earl	1	t
A01779	THOMAS LORD WENTWORTH	1	t
A91309	Germane Anabaptiſts	1
A51643	HENRY Lord Marquess	1	t
A34718	ROBERTO Comiti Essexiae	1	t
A01234	Nicholas Rainton	1	t
A49748	The King of Heaven	2	t
A47629	Prophet Jer	1	t
A56127	Deane Thomas Farret	1	t
A47616	Noble Lords	1
A12598	Your Grace	8
A54528	Iohn Tous	1	t
A25221	Xenophon 〈	1	t
A95897	Gracious Honour	1
A54528	Nicholas Raynton	1	t
A39599	Your Worſhips	1
A86261	Paul Pindar Knight	1	t
A05161	Obliged SERVANT	1
A54528	Iacob Garrat	1	t
A01342	Your Father's	1
A85664	Son ▪ Gen.	1
A47618	Saint Peter	1	t
A93880	Servant in the Lord Jeſus	1
A43824	M. Lisle	1	t
A70924	J. MOVNTAINE	1	t
A67119	Sir Walter Rawleigh	1	t
A30705	Thomas Price Eſq	1	t
A68655	IOHN CARY	1	t
A65268	SAint Augustine	1	t
A66445	Christ Iesus	1	t
A41964	Saint Hierome	1	t
A17286	Chriſtian Reader	1
A05161	Beseech Your Majesty	1
A49473	the Lord Morgan	1	t
A87629	Friends W. Parſons	1	t
A05161	S. Paul	1	t
A90668	Sir Paul Pindar	1	t
A47631	E. N •• le Lady	1
A54528	Thomas Foot	1	t
A35730	Noble Person	1
A37463	Worthy Sir	1
A88141	John Lightfoote	1	t
A67233	KATHARINE D'AR	1	t
A43824	S. Hen . Vane	1	t
A64135	S. Hierom	1	t
A95892	High Sheriff	1
A85036	Reverend Divines	1
A60972	M. Pelham	1	t
A86261	Worshipful S. Chriſtopher	1	t
A94457	Honours Wisdoms	1
A43479	Marquis Spinola	1	t
A43825	L. Verulam	1	t
A21479	L. L. wishes the	1	t
A57529	DANIEL ROGERS	1	t
A43824	M. Rous. M. Ashurst . M. Reynolds	1	t
A61487	M. STEVENSON	1	t
A30705	Iohn Bowen Gent	1	t
A54528	Paulus Diacon	1	t
A90266	Servant in the work of the Lord	1
A90603	Ephraim Pagitt	2	t
A91224	Elizabeth Carteret	1	t
A43818	Your Worships	1
A90603	Iohn Hopkins	1	t
A57657	Honourable Grandfather	1
A26722	JOHN WOLLASTON	1	t
A29737	RICHARD BAKER	1	t
A26353	Christian Princes	1
A25886	Jeſus Chriſt	1	t
A77856	Stephen Marshal	1	t
A62099	Elihu Iob	1	t
A54528	Iohn Gayr	1	t
A97129	Maſter Thomas Cart	1	t
A13699	Saviour Mat	1
A12817	Your Lordſhip	2
A91309	Antiparliamentary Cavaliers	1
A40668	Latin Father's	1
A03845	Judith Man	1	t
A27789	Honourable Court	1
A34595	N. B.	1	t
A95892	Francis Rouſe	1	t
A64135	S. Bernard	1	t
A43824	M. Wheeler	1	t
A91309	Iohn Goodwins Theomachia	2	t
A86356	Worthy Citizens	1
A85728	Harbottellus Grimſtonius	1	t
A78979	Jacob ;	1	t
A27497	S. Paul	2	t
A14290	Satans Sect	1
A79477	Pope Sergius	1	t
A43816	Thomas Hill S. Theolog	1	t
A66445	Francis Bacon	1	t
A86730	Honourable Senate	1
A90603	Henrie Geirie	1	t
A12182	Viscount MANDEVILL	1	t
A10819	Iohn Roberts	1	t
A25906	Servant ; BERNARD ALSOP .	1	t
A85728	Ieſum Chriſtum	1	t
A13439	Marry Make-peace	1	t
A10495	Thomas Rawlins	1	t
A26045	Your Worſhips	1
A68655	My Lord	1
A56144	Eſter c	1	t
A27497	Ioan Selden	1	t
A46895	JOHN JACKSON	1	t
A79475	Jeſus Chriſt	5	t
A45014	Honourable Houſes	1
A56943	RICHARD ROYSTON	1	t
A05161	A. C. came	1	t
A10822	Iames B	1	t
A86358	Pauls Separatiſts	1
A42351	Knight Baronet	1
A56211	Malignant Vipers	1
A69024	Iesus Christ	3	t
A41155	William Fenwick	1	t
A94736	Nathaniel Fiennes	1	t
A66597	THOMAS WILSON	1	t
A90603	Iohn Niclas	1	t
A79473	Iriſh Rebels	1
A36292	Servant Io	1	t
A28810	Captain James Slade	1	t
A30705	Samuel Reyniſh	1	t
A40995	Your Worſhips	1
A32802	Your Lordship's	1
A40024	Robert Judd	1	t
A56127	No Lord Bishop	1
A56127	Saint Augustine Bishop	1	t
A30705	Iohn Meredith Gent	1	t
