A41150	1	t	John Fenwick		
A70279	1	f	Noble Friends		
A27499	1	t	Jesus Christ
A27361	1	t	Jesus Christ	
A56144	1	t	Willielmus Laud Bonam		
A91298	1	t	William Waller		
A95892	1	t	Honourable Lords and Commons
A56943	1	t	Gracious Sovereign King Charles		
A43816	1	t	Friend Richard		
A28809	1	t	Richard Boothby		
A43318	1	t	Alexander Henderson		
A07541	1	t	Humphrey Mill		
A85889	1	t	Mark ▪		
A47618	1	t	Q. Marry		
A66596	1	t	Bernards Bern		
A10822	1	t	Thomas Covell		
A41964	1	t	A. Gellius		
A34599	1	t	Master Case		
A56191	1	f	Your Highness		
A77017	1	t	Sampson Bound		
A69129	1	t	William Teeling		
A56127	1	t	Iohn Bale		
A32308	1	t	Henry North		
A43816	1	t	Dr Ames		
A43819	1	t	Thomas Hill		
A56144	8	t	Willielmum Laud		
A42757	1	f	Reverend Colleagues		
A87629	1	t	Friends W. Parsons		
A70130	1	t	Thomas Atkin		
A10663	1	t	God Almighty		
A61092	1	t	John Crew Esquire		
A07248	1	f	Honoured Friend		
A10790	1	t	Lady Dorothy Sydney		
A96686	1	f	Honourable Members		
A05161	1	t	A. C.		
A05161	1	t	A. C. Had		
A27499	1	t	Jesus Christ	
A59949	1	t	Alexander Read		
A13439	2	t	Marry Make-Peace		
A62101	1	f	Noble Sir		
A27497	1	t	N. Barnard Drogheda 
A10663	1	f	Humble Servant		
A69646	2	t	Paulus Fagius		
A50772	1	t	William Mevve		
A28514	2	t	Ioseph Boden		
A10190	1	f	Your Honours		
A64057	1	t	St Augustine Archbishop		
A42751	1	f	Honourable Body Of		
A91224	2	t	Philip Carteret		
A57648	1	t	John Earl of Rutland
A50854	1	t	Robert, Earl of Warwick
A50854	1	f	Noble Lord
A14290	1	t	Saint Lycia		
A29432	1	t	Mr Williams		
A29432	2	f	Protestant Assemblies		
A90603	1	t	Thomas Soane		
A13699	1	t	Chaplain William Page		
A90603	1	t	Iohn Hopkins		
A01342	1	f	Your Father's		
A61475	1	f	Honourable Father's		
A43824	1	t	E. Nottingham		
A49473	1	t	Thomas Soame
A30705	1	t	Marmaduke Lloyd
A47618	1	t	Saint Paul		
A46823	1	t	Jesus Christ	
A39313	1	t	Jesus Christ	
A65782	1	t	James Wadsworth		
A43824	1	f	M. Sollicitor		
A32308	1	t	Edward Calver		
A90603	1	t	Andrew H		
A56144	1	t	Regis Ricardi		
A30577	1	f	Privy Council		
A14290	1	f	My Lord		
A77323	1	t	William Bagwell		
A67551	1	t	Sir Thomas Middleton		
A42351	1	f	Knight Baronet		
A08637	1	f	Reverend Sir		
A96652	1	t	Sir Charles		
A90603	1	t	Tobias Dixon		
A07542	1	t	Thomas Earl		
A42725	1	t	Eleasar Gilbert		
A30705	1	t	Evan Gwin
A64135	1	t	S. Cyprian		
A14722	1	f	Right Honourable		
A79473	1	f	Majesties Title		
A52043	1	t	Stephen Marshall		
A26045	1	t	Iohn Aspley		
A45589	1	f	Lord Privy Seal
A45589	1	t	Henry Earl of Manchester
A70872	1	t	William Prynne
A25221	1	t	George Burrish Wardens		
A93709	1	t	John Saltmarsh		
A67155	1	t	H. Walker		
A54668	1	f	Lord Chamberlain
A54668	1	t	Robert Devereux
A66737	1	f	Your Father
A50854	1	f	Deserving Gentry		
A97129	2	t	Thomas Clarke		
A43318	1	t	Robert Bostocke		
A59630	1	f	Worthy Friend		
A85485	1	t	William Gouge		
A29432	1	f	The Lord		
A95657	1	t	Rachel Expressed		
A30705	1	t	Joseph Hexsteter		
A85867	1	t	Valentine Vvauton Esquire		
A30705	1	t	Thomas Bushel		
A85716	1	t	Jesus Christ	
A04155	1	t	Philip Hutton		
A62099	1	t	Elihu Iob		
A60972	1	t	Henry Darly		
A89149	1	t	Alberto Scipioni		
A28809	1	f	Your Majesty		
A56943	1	t	Richard Royston		
A30705	1	t	Vincent Corbet Esq		
A88947	1	t	William Tompson		
A26353	1	t	Nicolas Amsdorf Bishop		
A83501	1	t	Servantthomas Edwards		
A54990	1	t	Katherine Baroness		
A89591	1	t	Stephen Marshall		
A43401	1	t	Philip Herbert
A13439	1	t	Matronlike Hecuba		
A47629	1	t	John Scot		
A56192	1	f	Honours Person		
A14722	2	t	Pedro Mexia		
A46836	1	f	His Rescpected Friend		
A34599	1	t	Simon Bar-Jona		
A94733	1	t	John Tombes		
A90668	1	t	Sir Paul Neale		
A86261	1	t	Alderman Atkins		
A43824	1	t	Whitlock M. Guorden		
A38677	1	t	Queen Iane		
A43824	1	t	L. Howard
A43824	1	t	S. Gilbert Gerard		
A93880	1	f	These Three		
A43562	1	f	Lancashire Preachers		
A59949	1	f	Your Servant		
A91187	1	f	Judicious Senators		
A97126	1	t	John Ward		
A70159	1	f	The Lord		
A61487	1	t	Benjamin Cook		
A67073	1	t	William Viscount
A46836	2	t	Henrie Jesse		
A10822	1	t	Edward Dichfield		
A90603	1	t	Iohn Bludworth		
A54528	1	t	Richard Chambers
A45589	1	t	Henry Earl		
A05597	1	t	William Lithgow		
A63067	1	t	Queen Elizabeth		
A52050	1	t	Stephen Marshall		
A97129	1	t	Iohn Ward		
A86226	1	t	Jesus Christ	
A47629	3	t	Queen Elizabeth		
A31021	1	f	Honoured Sir		
A28359	1	t	Shelly Esquire		
A04155	1	t	Arch-Bishop Hutton		
A13699	1	t	Father S. Salvian		
A86261	1	t	Roger Drake		
A28212	1	t	God Almighty
A01531	1	f	Reverend Divine		
A56144	1	f	Regni Sui		
A88994	1	f	Your Crown		
A85448	1	t	Iohn Gore		
A89563	1	t	Salem God		
A67095	1	t	Jesus Christ	
A59685	1	t	Mr W. Greenhill		
A86261	1	t	Richard Gurney		
A29432	1	f	Your Lordship		
A85036	1	f	Reverend Divines		
A86261	2	t	John Vicars		
A90603	1	t	Iohn Niclas		
A54678	1	t	My Lord		
A30105	1	t	Edward Goldsmith		
A91187	1	f	Christian Emperors		
A12148	1	t	Richard Owen		
A35730	1	t	Edward Dering		
A41009	1	f	Worthy Sir		
A79473	1	t	John Prideaux Bishop		
A26045	1	f	Your Worships		
A78965	1	t	Jesus Christ	
A91231	1	t	H. Parker		
A91298	1	f	Heroic Worthies		
A13439	1	t	Kate Kiss-Well		
A91224	1	f	His Muse		
A44991	1	t	Dorothy Stanley		
A92764	1	f	The Lord		
A89582	1	t	S. M.		
A27361	1	t	J. P. I		
A97129	1	t	Iohn Millington		
A95897	1	f	Lord Major
A56127	1	t	Mariae Virginis		
A43824	1	t	S. Walt.		
A43484	1	f	Your Highnesses		
A26353	1	f	Eras Epist		
A64057	1	t	Christopher Hatton Knight		
A88947	1	t	Richard Mather		
A56127	1	t	Rabanne Maurus		
A97246	1	t	Richard Vines		
A13699	1	f	Christian Reader		
A20724	1	f	Humble Servant		
A05161	1	t	Filium Dei		
A59164	1	f	Loyal Subject		
A85664	1	t	The Lord
A54808	1	t	Philip Earl		
A43824	1	t	S. Anth. Irby		
A25221	1	t	William Burton		
A38109	1	t	M Salimarsh Smoke		
A86358	1	t	Thomas Hill		
A40024	1	t	Robert Judd		
A43824	1	t	M. Hoyle All Fidelity		
A86986	1	f	Your Lordship's		
A88994	1	f	Servant In The Lord		
A95888	1	t	John Vicars		
A29528	1	t	Iohn Wentworth		
A14290	1	f	Old Souldours		
A46836	1	t	Jesus Christ	
A79473	1	t	Dr Baily		
A49748	2	f	Gracious Sovereign		
A43816	1	f	The Accuser Of The Brothers		
A95892	1	f	High Sheriff		
A30714	1	t	Richard Butcher		
A44724	1	f	Great Sir		
A30705	1	t	Iohn Bowen Gent		
A13699	1	t	St. Jerome		
A13439	1	t	Tabitha Turbulent		
A94728	1	f	Friend Mr		
A01052	1	t	Iohn Ford		
A90620	1	t	Anna Hume		
A95892	1	t	Thomas Fairfax		
A90603	1	t	Nicholas Cook		
A39599	1	t	Nathaniel Barnardiston		
A13439	1	t	Luce Lye-Close		
A25221	1	t	Iohn Cordwell Knight		
A41427	1	t	Bartholomeo De Las Casas		
A70924	1	f	Most Illustrious Lord		
A07541	1	t	Viscount Hereford		
A64135	1	t	K. Allured		
A30705	1	t	M. Bushel		
A04909	1	t	Nicolls Oxon		
A02741	1	f	Your Worships		
A67203	1	t	Henry Vvalker		
A13699	1	f	Saviour Mat		
A32308	1	f	Noble Knight		
A94735	1	t	Jesus Christ	
A95892	2	t	John Vicars		
A51922	1	t	Robert Codrington		
A93655	1	t	Thomas Fairfax		
A86824	1	t	Thomas Stanley Esquire		
A15013	1	t	Doctor Willet		
A85979	1	f	Honourable Senators		
A05161	1	t	A. C.
A50854	1	t	Humphrey Mill		
A91224	1	t	Margaret Prime Flowers		
A46836	1	t	Mris Marry Wight		
A49748	2	f	Most Sacred Majesty		
A12166	1	t	Jesus Christ	
A27163	1	f	A Royal Father		
A95892	1	f	His Excellency		
A25221	1	t	Captain Thomas Chambrelan		
A62948	1	t	William Earl		
A43401	1	t	Caesars Virgil		
A56144	1	f	Anonymous Pamphleteers		
A56127	1	t	Saint Augustine Bishop		
A48432	1	f	Illustrious Sir		
A10819	1	f	Honoured Father		
A10190	1	f	Noble Senare		
A11519	1	t	Pope Julius		
A32047	1	f	Edmund Calamy		
A67119	1	t	Solomon King Iames		
A89577	1	f	Commons Assembled		
A77856	1	t	Cornelius Burges		
A64057	1	t	K. Allured		
A27497	1	t	S. Pauls		
A58824	1	t	T. S.		
A54528	1	t	Abraham Reynardson		
A79475	1	f	These Elders		
A10819	1	t	Socrates Opinion		
A37192	1	t	Philip Earl		
A96944	1	t	Beth Chaiim		
A34599	1	f	Conscientious Covenantours		
A69024	2	f	Majesties Name		
A21479	1	t	Adam Lawrence		
A48432	2	t	John Lightfoote		
A49256	3	t	Master Dell		
A31221	1	t	Gvlielmvs Castell		
A51922	1	t	Anthony Vincent Knight		
A02000	1	t	William Style		
A56211	2	t	William Prynne		
A05161	1	t	A. C. Cheeks		
A91314	1	t	Rfax Knight		
A67876	1	t	Your Worships		
A07711	1	f	L. Chancellor		
A05161	1	t	A. C. Came		
A56127	1	t	Deane Thomas Farret		
A34821	1	t	I S. Of P.
A85664	1	t	Rabbi Shimeon		
A11380	1	t	J. Saltmarshe		
A47791	1	t	Hamon L'Estrange		
A60972	1	t	William Alison		
A43824	1	t	S. Iohn Trevor		
A97067	1	t	Iohn Wallis		
A05161	1	t	A. C. Words		
A28926	1	t	M. Zachary Boyd		
A90603	1	t	William Dev		
A01234	1	f	Your Hospitaler		
A88290	1	t	Gerard Mercator		
A85683	1	f	Lord Bishop
A85683	1	t	Brian, Lord Bishop of Sarum
A05161	2	t	S. Augustine		
A77507	1	t	Joannes Brinsleius		
A70130	1	t	Thomas Middleton		
A64057	1	t	J. Taylor		
A28810	1	t	Nathanael Mountney		
A38090	1	f	Vincentio Epist		
A64135	1	t	K. Iohn's		
A38677	1	t	King Francis		
A70159	1	t	Lionell Gatford		
A35730	1	t	Saint Peters		
A13439	1	t	Rachell Rail		
A13439	1	t	Parnell Prate		
A54528	1	t	Iohn Kendricke		
A85448	1	f	Lord Mayor
A85448	1	t	Christopher Cletherow
A91309	1	f	Germane Anabaptists		
A13439	1	t	Sisly Sweet-Lips		
A79477	1	t	Pope Alexander		
A42489	1	f	Honourable House		
A65268	1	t	Richard Camden		
A32802	1	f	Your Lordship's		
A32802	1	t	Fr. Cheynelz		
A04909	1	t	Thomas Soame		
A41485	1	t	Jesus Christ	
A27497	1	t	John Selden		
A95897	1	f	Servant In The Lord		
A56191	1	f	Your Highnesses		
A85664	1	t	William Greenhill		
A14727	1	t	The King Of Kings		
A10822	1	t	Edmund Forster		
A25390	1	f	Lord Keeper
A91309	2	t	Iohn Goodwin
A85867	1	t	John Gaule		
A25370	1	t	N. N.		
A01531	1	t	William Bradshaw		
A56192	1	t	Grotius De Jure Belli		
A54528	1	t	Iohn Langham		
A79477	3	t	Jesus Christ	
A93880	2	t	St. Paul		
A85728	1	t	Jesus Christ	
A71091	1	t	Rebel Rodolphus		
A87152	1	t	Jesus Christ	
A90603	1	t	William Gibbs		
A41964	1	t	John Selden
A34747	1	t	Lady Frances		
A38677	1	t	Henricus Rosas		
A10819	1	t	Mighty Monarch Charles		
A95657	1	t	Edward Terry		
A05597	1	f	Heavenly Angels		
A38109	1	t	Flavianus Bishop		
A03845	1	t	Judith Man		
A26722	1	t	John Wollaston		
A38615	2	t	Philip Earl		
A85505	1	f	Your Honours		
A42725	1	t	Robert, Lord Bruce
A78979	1	t	Jacob
A34593	1	f	Noble Uncle's		
A79474	1	f	Your Lordship's		
A14727	1	t	S. W.		
A85448	2	t	God Almighty		
A12166	1	f	Noble Stock		
A56976	1	f	Lord Primate
A56976	1	t	James, Arch-Bishop of Armagh
A34599	1	f	Honourable Court		
A63067	1	t	John Trapp	
A29665	1	t	Servant Robert Brook		
A37285	1	f	Noble Personage		
A56976	1	f	Reverend Father		
A29737	1	f	Illustrious Prince		
A43825	1	t	Bishop Morton		
A05161	1	t	A. C. And		
A62099	1	t	Jesus Christ	
A91298	1	t	Sir William Bruerton		
A29737	1	f	Illustrious Father		
A97129	1	t	Master William Crossed		
A28810	1	t	Captain James Slade		
A27499	1	t	Jesus Christ	
A28810	2	t	Captain Slade		
A64135	1	t	Emanuel Philibert		
A40728	1	t	S. Peter		
A57529	1	t	Robert Earl		
A71053	1	t	John Saltmarsh		
A70099	1	t	Algernon Lord Percy
A34599	3	t	Jesus Christ	
A34747	2	t	Iohn Carter		
A57976	1	t	Reverend Beza		
A64135	1	t	Aruleno Ruslico		
A56144	1	f	Londons Chaplains		
A10822	1	t	Iohn Bradley		
A14722	1	f	Your Lordship's		
A14722	1	t	Robert Ward		
A69646	1	t	John Milton		
A86261	1	t	John Babington Treasurer		
A42215	1	t	Paul Pindar Knight		
A56127	1	t	Bishop Bilson		
A83501	1	f	Most Noble Patriots		
A67119	1	t	Francis Wortley		
A69521	1	t	S. John		
A05161	1	t	S. Aug.		
A14722	1	t	Paulus Em		
A66445	1	t	Francis Bacon		
A39313	1	f	Noble Princes		
A89563	1	t	Edwards Ga		
A91988	1	f	Your Lordship's		
A91988	1	t	Alexander Ross		
A60972	1	t	M. Hoyle		
A48307	1	t	John Ley		
A10663	1	f	Gracious Princess		
A07979	1	t	Richard Braithwaite Esqvire		
A07970	1	t	Thomas Nabbes		
A41142	1	f	Honour Father		
A17286	1	t	Viscount Mandeville		
A56192	1	t	The Lord Of Hosts		
A58210	1	f	Christs Ministers
A10819	1	t	Lord Mountioy
A89149	2	t	Henry Wootton		
A91187	1	t	Iack Cade
A49473	1	t	Martin Bond
A67876	1	t	J. H. Wishes		
A49473	1	t	Nicholas Beale		
A79473	1	t	Dr Fern Ib		
A40668	1	f	Latin Father's		
A60972	1	t	William Strickland		
A91298	1	f	Your Honours		
A02000	1	f	Your Highnesses		
A70828	1	t	Viscount Hereford		
A79475	5	t	Jesus Christ	
A26353	1	t	Thomas Roe Knight		
A05161	1	f	Fellows Angle		
A89577	1	f	His Excellency		
A43043	1	f	Your Honours		
A90603	1	t	Iaspar Clayton		
A32323	1	t	John Strvt		
A34718	1	t	Roberto Comiti Essexiae		
A67068	1	t	Sir Martin Lumley		
A95751	1	t	Thomas Urquhart		
A49473	1	t	John Bradley		
A91224	1	t	Mrs Douse		
A70099	1	f	Privy Council		
A89420	1	f	Your Lordship's		
A89420	1	t	Robert Stapylton		
A30705	1	t	James Price Knight		
A67073	1	t	John Lord Roberts		
A27499	1	t	John Baptist Lycia		
A67227	1	t	Simon Magus		
A10822	1	f	Worthy Friends		
A17286	1	t	Lord Harrington		
A38109	1	t	Ambrose Bishop		
A38677	1	t	Philip Sidney		
A79477	1	t	Moguntinus
A54990	1	t	The Lord Baltamore		
A40662	1	f	Your Honours		
A12598	1	f	Your Graces		
A30705	1	t	Humfrey Greene Esq		
A20724	1	t	Edward Lord Newburgh
A45550	1	t	Nathanael Hardy		
A67068	1	t	William Massam		
A43824	1	t	E. Denbigh		
A54528	1	t	George Garra		
A47629	1	t	Ministermaster Buckley		
A34747	1	t	John Hobart		
A54990	2	t	Saint Christophers		
A56144	1	t	Iohn Lilburn		
A90603	1	t	Gregory Nazianzen		
A43824	1	t	The Lord Of The Harvest		
A63067	1	t	Joseph
A29737	1	t	Richard Baker		
A14290	1	f	Tophets Pain		
A96686	3	t	Samuel Gorton		
A49256	1	f	Excellent Self		
A35730	1	f	Your Lordsh		
A92764	1	f	Noble Lord		
A92764	1	t	Baron of Burley		
A95892	2	t	Harbotle Grimstone		
A79473	1	t	Sir John		
A14727	1	f	Christs Ministers		
A43824	1	t	S. Hen. Vane		
A49748	2	t	The King Of Heaven		
A83501	1	t	King Hezekiah		
A25390	1	f	Your Honours		
A61155	1	f	Noble Citizens		
A77856	1	t	Stephen Marshall		
A91855	1	f	Your Honours		
A70011	1	t	John Ellis		
A60972	1	t	Henry Cholmley		
A97343	1	t	The Lord		
A06402	1	t	Thomas Lower Esquire		
A86786	1	f	Worthy Sir		
A88149	1	t	J. L.		
A56149	1	t	H. P.		
A29528	1	t	Iohn Rowse Knights		
A34599	1	f	Noble Sir		
A61359	1	t	Thomas Stephens		
A56127	1	f	Honourable Senators		
A41355	1	t	E. F. Wishes The		
A12182	1	f	Your Honours		
A47616	1	f	Your Honours		
A68655	1	f	My Lord		
A58824	1	t	G. C.
A37285	1	t	George Butler		
A93655	1	f	The Lord		
A42725	1	t	Eleasar Gilbert		
A91187	2	t	Iohn Presbyter		
A79473	1	t	Dr Fern		
A32323	1	f	Reverenced Friend		
A67551	1	f	Honourable Court		
A95878	1	f	Lady Majoresse
A95878	1	t	Rebeccah Wollaston
A67085	1	f	Gods Spirit		
A41142	1	t	Thomas Hill		
A91309	1	t	William Prins
A49473	1	t	James Bunce
A27361	1	t	James Russell
A02741	1	t	Richard Fishburne		
A95751	1	t	Almighty God		
A70828	1	t	Jesus Christ	
A05161	1	t	Master Fisher		
A27499	1	f	Worthy Christians		
A89235	2	f	Your Person		
A41009	1	t	Caius Caesar		
A13439	1	t	Ellen Ever-Heard		
A70454	1	f	Lord General
A70454	1	t	Robert Earle of Essex
A13439	1	t	Vrsula Vpsefreeze		
A17129	1	t	Helena Lady Marchioness of Northampton
A56976	1	t	Mrs Elizabeth Usher
A64135	1	f	R. Father
A64897	2	t	John Vicars		
A48433	1	t	J. L.
A67073	1	t	Edward Viscount Mandevilc		
A89586	1	t	Prophet David		
A61155	1	t	Master Prynne		
A54528	1	t	Iames Bunce		
A47618	1	t	William Wolsey
A92138	2	t	Jesus Christ	
A95657	1	t	Gilbert Gerard		
A57976	1	t	Father Diotrephes		
A48307	1	t	Harley Knight		
A43401	1	t	Philip Herbert		
A70159	1	t	L. G.		
A05161	1	t	St. Paul		
A90603	1	t	Walter Rogers		
A90603	1	t	Iohn Davis		
A43824	1	t	E. Manchester		
A70828	1	f	Most Noble General		
A04155	1	t	Iohn Iackson		
A56127	1	t	Anselmus Cantuariensis		
A61155	1	t	Jesus Christ	
A29737	1	t	Thomas Walsingham		
A90603	1	t	George Denham		
A29432	1	f	The Noble Patriots		
A38677	1	t	T. B.		
A56144	1	f	Protestant Arch-Prelate		
A97129	1	t	Edward Phelps		
A05161	1	t	D. Field		
A34593	1	t	J. B.		
A13699	1	f	Christs Altar
A28809	1	f	Your Majesties		
A10822	1	t	Iames B		
A61155	3	t	Jesus Christ	
A15013	1	t	Master Whately		
A02454	1	f	Your Majesty		
A31021	1	t	James Howell Esquire		
A85716	1	t	Harbottle Grimstone		
A45546	1	f	Honoured Sir		
A56211	3	f	Your Honours		
A70701	1	t	William Neale		
A00966	1	f	Worthy Sir		
A95892	1	t	Richard Sprignall		
A57969	1	f	Potent Lord		
A57969	1	t	Lord Archbald Marquess of Argile		
A52051	1	f	Servant In		
A79477	1	t	Philippus Bergomensis		
A91314	1	t	Thomas Fa		
A85388	1	f	Your Worship		
A66445	5	f	Your Honours		
A89585	1	t	Stephen Marshall		
A10822	1	t	Samuel Carlton		
A70378	1	t	S. Martins		
A69646	1	t	Martin Bueer		
A89567	1	t	Stephen Marshall		
A85551	1	t	John Grant		
A21479	1	f	Your Honoured		
A40683	1	f	Your Servant		
A86261	1	t	Iohn Vicars		
A30249	1	t	Anthony Burgess		
A30705	1	f	Your Majesties		
A13017	1	t	A. B.		
A40683	1	t	Iohn Danvers		
A64135	1	t	King Iames		
A46836	1	t	Sarah Wight		
A34747	1	f	Elect Lady		
A63067	1	t	John Bridges		
A91306	1	f	Your Honours		
A34548	1	t	N. N.
A41009	1	t	John Downam		
A91187	1	t	Ensign Ratford		
A54678	1	t	Thomas Philipot		
A49473	1	t	Donald Lupton		
A58210	1	t	Thomas Mallet Knight		
A43824	1	t	S. Wil.		
A38677	1	t	King Iames		
A54990	1	t	Saint Sebastans		
A05161	1	t	A. C.
A90266	1	t	Captain Gam		
A77017	1	t	Sampson Bond		
A56144	1	t	Williamus Laud		
A65782	1	f	Your Honours		
A13014	1	t	Gilbert Harrison		
A88148	1	t	Iohn Lightfoot		
A25886	1	t	John Arrowsmith		
A56211	1	f	Noblest Patronage		
A97129	1	t	Thomas Hale		
A47629	1	t	Sir Francis Bacon		
A56171	1	t	William Prynne		
A56127	1	t	Saint Chrysostome		
A89149	1	t	Lord S.
A96698	1	t	Jerrard Winstanley		
A19347	1	t	Theophila Cook		
A91187	1	t	Your Honours		
A49748	2	t	William Laws		
A26353	1	t	Thomas Hayne		
A54528	1	f	The Son		
A10267	1	f	Most Deer		
A43819	1	t	The Prince Of Peace		
A86986	1	t	Nathaniel Hall		
A43042	1	f	Your Honours		
A91306	1	t	Colonel Sheffield		
A12184	1	f	Lord Mayor
A95892	1	t	William Waller		
A57969	1	t	Jesus Christ	
A34599	1	f	Oh Father		
A30105	1	t	John Bulvver		
A67068	1	t	Gilbert Gerard		
A21479	1	f	Reader
A49473	1	t	Henry Sanders		
A64897	1	t	J. V. His Mostunworthie		
A47629	1	t	Alphonsus King		
A46895	1	t	St Bernard		
A64135	1	t	Gregory Nazianzen		
A93655	1	f	Noble Sir		
A13439	1	t	Maechael Helena		
A37463	2	t	D. L. M.		
A01750	1	f	Majesties Most		
A28303	1	t	Jesus Christ	
A67551	1	t	Sir Martin Lumley		
A97129	1	t	Thomas Cart		
A27487	1	f	The Lord		
A02741	1	t	William Harrison		
A61092	1	t	M. Knightleys		
A05161	1	t	A. C.
A34718	1	t	Vicecomiti Herefordiae		
A34599	1	f	Englands Friend		
A16927	1	t	Richard Brome		
A26722	1	t	William Barton		
A56192	1	t	Thealberius Gentiles		
A02324	1	t	D. Ramus		
A54605	1	t	W. P.		
A88290	1	f	Honoured Friend		
A30235	1	f	Worthy Patriots		
A78979	1	t	Edmund Calamy		
A87081	1	f	Irish Philistines		
A81567	1	t	Servant Gonzalo		
A91187	1	f	Religious Christians		
A94735	1	t	Richard Aldworth
A91309	2	t	Burtons Vindication		
A91187	1	t	Sir Samuel		
A46909	1	f	Your Worships		
A40024	1	t	William Lang		
A27361	1	t	Thomas Adams		
A64135	1	t	Pope Vigilius		
A90266	1	f	Servant In The Work Of The Lord		
A60361	1	t	William Slatyer		
A64135	1	t	St. Paul		
A21479	2	t	Leonard Lawrence		
A10822	1	t	William Ge		
A83501	1	t	Flacius Illyricus		
A05161	1	t	A. C.
A47631	1	f	Accomplished Lady		
A96698	1	f	Father So		
A49473	1	t	George Langham		
A62938	1	t	Gustavus Adolphus		
A57675	2	t	John, Earl of Rutland
A51725	1	f	Your Lordship's		
A77497	1	t	M. Cook		
A43479	1	t	Frederick Henry		
A66597	1	t	Melchior Adam
A90266	1	t	William Masham		
A47629	2	t	Peter Lumbard		
A29206	1	t	William Cavendish
A90603	1	t	Francis Pat		
A43816	1	f	Communis Concilii		
A45214	2	f	Your Majesty		
A14722	1	t	Paulus Emil		
A10822	1	t	Nicholas Beale		
A56256	1	f	My Lord		
A61155	1	t	David
A05161	1	t	S. Aug.
A48432	1	f	Your Nobleness		
A05161	1	t	S. Luk		
A38109	1	t	Amphilochius Bishop		
A90603	1	t	John Smith		
A69129	1	f	Noble Lords		
A25390	1	t	Baron Littleton		
A09197	1	t	H. P.		
A66596	1	t	Edward Dering		
A28809	1	f	Majesties Honour		
A12182	1	t	D. Sibbs		
A54990	1	t	C. C. T.		
A40662	1	f	Lady Governesse		
A02520	1	f	Learned Clergy		
A43824	1	f	Evangelicall Preachers		
A27497	1	t	Spanhemius Professor		
A60972	1	t	Philip Stapleton		
A49473	1	t	William Gear		
A95892	1	t	Thomas Adams		
A56144	1	t	Willielmo De		
A10790	1	f	Heroine Lady		
A90603	2	t	Ephraim Pagitt		
A36292	1	t	Servant Io		
A30105	1	f	His Honoured		
A28810	1	t	William Slade		
A61026	1	f	Your Servant		
A86786	1	t	J. Hall		
A43816	1	f	Noble Earl		
A61155	1	t	Thomas Fairfax		
A05590	1	t	William Lithgow		
A64897	1	f	Right Noble Lords and Englands Commons
A43824	1	t	Robert Pie		
A12598	1	t	William Somner		
A86226	1	t	Father W. Herbert		
A32308	1	f	Worshipful Sir		
A79473	1	f	Your Friend		
A50030	1	t	M. G. M.
A47618	1	t	Stephen Gardiner		
A67227	1	t	H. W.		
A16927	1	t	William Earl		
A91306	1	t	William Balfore		
A95892	1	t	John Wollaston		
A30705	1	t	Hugh Lloyd Gentlem		
A07979	1	t	Thomas Nabbes		
A12209	1	f	Your Worships		
A12817	1	t	Thomas Lord Howard		
A46895	1	t	Richard Gurny Knight		
A65268	1	t	Saint Augustine		
A49473	1	t	Thomas Chamberlaine		
A96652	1	t	Saint Paul		
A43479	1	t	Bishop Granvelle		
A30705	1	t	Iohn Lewis 
A29731	1	t	Richard Baker		
A54528	1	t	Thomas Foot		
A97246	1	f	Courteous Reader		
A12817	2	t	Anthony Stafford		
A43483	1	t	Maurice Prince		
A09626	1	f	Worthy Sir		
A95657	1	t	The Lord In		
A66737	3	f	Gracious Sir		
A94736	1	t	John Tombes		
A43562	1	f	Idolizing Neighbours		
A04155	1	t	Thomas Hutton		
A43093	1	f	Honourable Gentlemen		
A12817	1	f	Earl Marshal		
A90603	1	t	Anthony Cross		
A95888	1	t	Iohn Wollaston		
A89586	1	f	Honourable Assembly		
A27257	1	t	When Johnson		
A41155	1	t	William Fenwick		
A95657	1	t	John Franklin		
A41964	1	t	John Greaves		
A83501	1	f	Augustirus Regium		
A67073	1	f	Most Noble Lord		
A56199	1	f	Romish Conspirators		
A30705	1	t	David Rees Gent		
A56192	1	f	Your Lordship		
A70863	1	t	William Balfore Knight		
A90266	1	t	Thomas Honywood		
A29975	1	f	My Lord		
A05597	1	f	Late Father's		
A70175	1	t	M. S.
A70175	1	t	A. S.
A40995	1	f	Worthy Sirs		
A14722	1	f	Humble Servant		
A70924	2	f	Illustrious Lord		
A70924	1	t	Philip Herbert
A91306	1	t	Philip Stapleton		
A12166	1	t	John Sedovvick		
A10822	1	t	Marmaduke Royden		
A91327	1	f	Worthy Gentlemen		
A88086	1	t	John Lewis		
A67551	1	t	William Massam		
A56144	4	f	Your Honours		
A79473	1	t	Dr Ferne		
A47629	1	t	M. Ball		
A29665	1	f	Noble Lords		
A14722	1	t	R. W.		
A05161	1	t	A. C.
A09626	1	t	S. P.
A32308	1	t	Nathaniel Thurston		
A30705	1	t	Thomas Price
A43562	1	f	Provincial Counsels		
A69024	1	f	Lords Prophet		
A47616	1	f	Noble Lords		
A95892	1	f	Gracious Honour		
A52444	1	t	King Iames		
A21479	1	t	Mistress M. S.
A90603	1	t	Ruth
A47616	1	t	D. L.		
A47629	1	t	M. Bals
A46836	1	t	Lawrence Pountney		
A30705	1	t	Water Barkesby		
A08829	1	f	Romani Pontificis		
A47074	1	t	Worthy D. Gouge		
A54528	1	t	Iohn Cordell		
A96941	1	t	G. W.		
A34747	1	t	Worthy Sir John Hobarte		
A07330	1	t	Kenelme Digby		
A54990	1	t	M. Evelins		
A48307	1	f	Great Budworth		
A61155	1	t	Noble Sir		
A27163	1	f	Your Highness		
A60972	1	t	M. Pelham		
A67073	1	t	Robert Earl		
A05161	10	t	M. Fisher		
A46836	1	f	Daughter Sarah		
A64897	1	t	Englands God		
A91224	1	t	William Balfore		
A47629	1	f	Reverend Pastor		
A61155	1	f	Jesus Christ	
A05597	1	f	Royal Sir		
A27499	1	t	Iohn Baptist		
A66737	1	f	Great Sir		
A31115	1	f	Most Renowned Worthies		
A62938	1	f	Your Lordship's		
A49473	1	t	John Gear Col		
A90668	1	t	Paul Pindar		
A85683	1	f	Reverend Father		
A91309	1	f	Apology Separatists		
A58824	1	f	Your Beadsman		
A54990	1	t	William Berkley		
A30705	1	t	Richard Price K. Baronet		
A93709	1	f	Honourable Court		
A29375	1	t	Wicked Benjamin		
A14722	1	t	Lord Lieutenants for the County of Essex
A14722	1	t	William Lord Maynard of Elton		
A59630	1	f	Worthy Sir		
A95888	1	t	Rebecca Wollaston		
A47791	1	t	Saint Paul		
A64409	1	t	M. T.		
A56135	1	f	Noble Senators		
A54528	1	t	Paulus Diacon		
A56828	1	t	Richard Royston		
A07711	1	t	S. Thomas Moore		
A12143	1	t	Cornet George Porter		
A40024	1	f	Honourable Assembly		
A64135	1	t	St. Jerome		
A05161	1	f	Majesties Honourable		
A32856	1	t	Johannes Camiltonus		
A66445	1	f	Your Father's		
A28809	1	t	Saint Lawrence		
A01342	1	t	John Lord Powlet
A01342	1	t	Edward Lord Montagu		
A29432	1	t	R. Baily
A29432	1	f	Your Lordship's		
A56127	1	t	Thomas Gybson		
A25221	1	t	Lybbe Chapman		
A30714	1	t	Iohn Bullack		
A40669	1	t	Hinton
A32802	1	f	Noble Sir		
A12209	1	t	John Howland		
A54990	1	t	Thomas Lord Ployden
A56199	1	t	William Prynne		
A39599	1	f	Your Worships		
A91309	1	t	William Prynne		
A64135	1	t	Jesus Christ	
A01234	1	t	W. F.
A64135	1	t	S. Dominick		
A17129	1	t	E. B.		
A61475	1	t	Jesus Christ	
A86261	1	t	D. Baker		
A43483	1	t	Frederick Henry		
A21479	1	t	L. L.
A43825	1	f	Thomas Hill		
A56943	1	f	Faithful Subject		
A43816	1	f	Photii Epist		
A05161	1	t	W. Cant		
A77323	1	t	Worthy Sir		
A85664	1	t	Rabbi Gamel		
A25906	1	t	William Playters
A66445	1	t	Jesus Christ	
A70924	1	f	Most Noble Lord		
A95897	1	t	Thomas Adams		
A13439	1	f	Sweet Sisters		
A25906	1	t	Bernard Alsop
A66737	1	f	Gracious King		
A56256	1	t	H. P.		
A43816	1	t	Heathen Socrates		
A67119	1	t	Charles Prince		
A61053	1	t	John Speed		
A95657	1	f	Your Worships		
A70130	1	t	Queen Elizabeth		
A38090	1	t	M. P.
A38090	1	t	M. W.		
A56144	1	f	Commons House		
A92138	1	t	S. R.		
A21479	1	f	Muses Nine		
A05161	1	t	A. C. P.
A35343	1	t	Ralph Cudworth		
A47629	1	t	Petrus Lombardus		
A25886	1	t	Jesus Christ	
A47631	1	f	Elect Lady		
A86360	1	f	Worthy Sirs		
A91187	1	t	Thomas Fairfax		
A32308	1	f	William Heveningham		
A33343	1	t	Robert Lord Brooke
A85371	1	t	Ambrose
A61487	1	t	M. Stevenson		
A56127	1	f	Honourable Worthies		
A17286	1	f	Christian Reader		
A43821	1	t	Jesus Christ	
A42215	1	f	Your Worships		
A46909	1	t	Artaxerxes King		
A78965	1	t	Thomas Adams		
A67068	1	t	George Walker		
A57648	1	t	Noble Lady		
A54528	1	t	Thomas Atkin		
A86786	1	t	John Arrowsmith
A47618	1	t	Richard Denton		
A10495	1	t	Thomas Rawlins		
A07542	1	t	H. M. Honour		
A67073	1	t	Robert Lord Brook		
A29432	1	f	Christian Parliament		
A13699	1	t	Rebecca
A34593	1	f	Highness Uncle		
A45319	1	f	Most Honourable Lords		
A64253	1	f	Your Worships		
A12182	1	t	Viscount Mandeville		
A05161	1	f	Your Majesty		
A67876	1	f	Worthy Patriot		
A01234	1	t	Nicholas Rainton		
A43819	1	f	Ecclesiastical Synods		
A85683	1	t	John Gregory		
A95878	1	t	John Vicars		
A29975	1	t	Philip Earl		
A42351	1	t	John Hobart		
A62099	1	f	Noble Pat		
A56144	1	f	Honourable Assembly		
A54990	1	t	Francis Lord Ployden
A02324	1	t	St. Jerome		
A45542	1	f	Faithful Servant		
A61475	1	t	Peter Sterry		
A56144	1	t	L. Col		
A43816	1	t	Heavenly Father		
A89564	1	t	John Baptist		
A43479	1	t	Marquis Spinola		
A41009	1	t	S. Jerome		
A38677	1	t	Queen Elizabeth		
A30705	1	t	Walter Lloyd Esq		
A12817	2	f	Your Lordship		
A27499	1	f	Jesus Christ	
A32308	1	t	John Bayles		
A88994	1	f	His Ambassadors		
A56127	1	t	William Prynne		
A91309	1	f	Honourable Assembly		
A64135	1	t	Servant J. Taylor		
A67119	1	t	Sir Walter Rawleigh		
A90266	1	t	Thomas Lord Fairfax		
A64057	1	t	Bishop Fox		
A32308	1	t	Thomas Baker		
A10822	1	t	George Wawker		
A71286	1	f	Schismatical Separatists		
A79475	1	t	Francis Cheynell		
A00926	1	f	Virtuous Lady		
A00926	1	t	Lady Nevill Brook		
A17129	1	t	Helena Phelips		
A79473	1	f	Lordly Prelate		
A42281	1	t	Charles Emanuel		
A28139	1	t	J. B.		
A07248	1	t	Warham Sentliger		
A70279	1	t	D. Knight
A35274	1	t	Thomas Boon Esquires		
A56191	1	t	William Prynne		
A68655	1	f	Honourable Personages		
A54528	1	f	Christian Magistrates		
A56832	2	t	Jesus Christ	
A86261	1	t	Alderman Adams		
A30300	1	t	Honourable Henry		
A56144	1	t	M Dell		
A13699	1	t	Saint Austine		
A28303	1	t	Elidad Blackwell		
A57969	1	t	Samuel Rutherford		
A43816	1	t	Thomas Hill S. Theolog		
A27361	1	t	J. P.
A68655	1	t	Iohn Cary		
A43818	1	f	Lady
A43825	1	t	L. Verulam		
A43816	1	t	Thomas Hill		
A12167	1	t	Philippvs Nigh		
A05161	1	t	S. Matth		
A79473	1	t	John Culpepper		
A93655	2	t	Jesus Christ	
A91309	1	t	Edward Cooks
A95888	1	f	Lord Mayor
A95888	1	t	Alderman Adams
A07248	1	t	Philip Massinger		
A43479	1	t	Prince William		
A31933	1	t	Nicephorus Phocas		
A79477	1	t	Pope Sergius		
A43824	1	t	M. Rous		
A43824	1	t	M. Ashurst		
A43824	1	t	M. Reynolds		
A87081	1	t	Daniell Harcourt		
A40995	1	f	Your Worships		
A52049	1	t	Stephen Marshall		
A86261	1	t	M. Richard Aldworth		
A13014	1	f	Knight Barone		
A92138	2	t	Jesus Christ	
A10495	2	t	Robert Ducie		
A29223	1	t	Richard Hutton
A01531	1	t	Sen Agam
A56144	1	t	Ester C		
A61155	1	f	The Lord		
A38615	2	f	My Lord		
A45589	1	t	Pedaell Harlowe		
A54990	1	t	Count Palatines		
A70924	1	f	Lord Chamberlain
A56127	1	f	Heavenly Father		
A40669	1	f	Noble Patroness		
A95892	1	t	Edmund Prideaux		
A14290	1	f	Noble Lord		
A32308	1	t	Nicholas Bacon		
A91309	1	t	Gulielmus Apollonius		
A56144	1	f	Traitorous Predecessor		
A86261	1	t	Worshipful S. Christopher		
A56127	1	f	Arch Prelate		
A95892	1	t	Walter Young		
A40669	1	f	Your Father's		
A64135	1	t	St Augustine Archbishop		
A69521	1	f	Sweet Lady		
A91314	1	t	William Prynne		
A70924	1	t	J. Movntaine		
A29737	1	t	Sir Francis Bacon		
A51324	1	f	Lord Chancellor
A41964	2	t	Julius Pollux		
A54528	1	t	Iohn Tous		
A56127	1	t	Thomas Aston		
A85716	1	t	Son G. Grimstone		
A97343	1	f	His Cords		
A89149	1	f	Your Friend		
A43816	1	t	Jesus Christ	
A38090	1	t	M. Simpson		
A40685	1	t	John D'Anvers Knight		
A28809	1	f	Honourable Court		
A35353	1	t	Richard Cvlmer		
A21479	1	t	L. L.		
A67203	1	t	William Lenthall		
A93655	1	t	Master Prynne		
A43818	1	t	Iohn Wollaston		
A43818	2	f	Honoured Sir		
A62099	1	t	Edvvard Symonds		
A54808	1	t	Honourable Algernon Percie		
A56171	1	t	Jesus Christ	
A64135	1	t	Minutius Felix		
A05161	1	t	M. Fisher's		
A13439	1	t	Ioaene Jowl		
A01531	1	t	Joane Parker		
A01342	1	f	Noble Patroness		
A88086	1	t	Thomas Middleton		
A89235	2	f	Your Servants		
A91306	1	t	John Lord Roberts
A49256	1	f	Great General		
A85505	1	t	Cyril Bishop		
A90603	1	t	Iohn Rogers		
A37463	1	f	Worthy Sir		
A70099	1	f	Your Honours		
A43824	1	t	Thomas Hill		
A32323	2	t	Edward Calver		
A79473	1	t	Shelden Warden		
A40668	1	f	Thy Brother		
A67073	1	f	We Christians		
A67203	1	f	Renowned Patriot		
A04907	1	t	Pavl Pinder		
A41355	1	t	E. F.		
A47629	1	t	Prophet Jer		
A91309	1	f	Civil Magistrate		
A34747	1	f	Noble Gentleman		
A25390	1	f	Privy Council		
A54528	1	t	Samuel Warner		
A42751	1	f	Worthy Member		
A81339	1	t	Georgius Dering		
A62938	1	t	Ferdin Ando		
A14722	1	t	Statesman Commineus		
A85505	1	t	S. Peter		
A17248	1	t	William Purefey		
A96686	1	t	Gorton		
A81339	1	t	O. M.
A64135	1	t	Christopher Hatton
A79474	1	t	Francis Cheynell		
A79477	1	t	Alexander Co		
A35353	1	f	Commons Assembled		
A47618	1	t	Martin Luther		
A64253	1	t	W. Jemmat		
A49256	1	f	Noble General		
A69521	1	t	Mris Carent		
A66597	1	t	Thomas Wilson		
A43318	1	t	D. Com		
A31933	1	f	Spiritual Servant		
A96944	1	t	S. Paul		
A86261	1	t	Paul Pindar
A86986	1	f	Privy Counsel		
A03196	1	t	T. H.
A56211	1	t	William Bruerton		
A43598	1	f	Worthy Sir		
A43818	1	t	Thomas Hill		
A49473	1	f	Lord Chamberlain		of Chartley , Bourchier , and Lovain , Lord Chamberlain of his Mties household , and one
A10279	1	t	Richard Croshaw		
A41155	1	t	Algernon Earl		
A37463	1	f	Most Noble		
A67085	1	t	S. Iohn		
A11378	1	t	J. Saltmarshe		
A64135	1	f	Honoured Lord		
A42351	1	f	Judicious Sir		
A90603	1	t	Spencer Vincent		
A43821	1	t	John Brown
A91187	1	f	Honourable Court		
A17286	1	f	Oh King		
A90265	1	t	John Ovven		
A93880	1	t	Saint Paul		
A30249	1	f	Honoured Madam		
A05590	1	f	Your Honours		
A56192	1	f	Lord General
A56192	1	t	Robert Earl of Essex
A28810	1	t	King Charles		
A45546	1	t	John Rvshovt		
A60972	1	t	M. Alured		
A33343	1	t	Samvel Clarke		
A30577	1	t	Baron Ferrars		
A01779	1	t	Thomas Lord Wentworth		
A47618	1	f	Christian Friend		
A90603	1	t	Ambrose Brumskill		
A49256	1	t	Thomas Fairfax		
A85728	1	t	Harbottellus Grimstonius		
A04651	1	t	John Benson		
A94735	1	t	John Tombes		
A55028	1	f	Devoted Servant		
A11519	1	f	Renowned Common-Wealth		
A91187	2	f	Honourable Assembly		
A89235	1	f	Your Modesty		
A44745	1	t	Sir W. S. Knight		
A56144	1	f	Arch Traitor		
A90668	2	t	Saint Paul		
A43483	1	f	Your Lo		
A61155	1	t	Mordecai
A54990	2	t	Beauchamp Plantagenet		
A95892	1	t	John Young		
A47618	1	t	Jacobus Iustus		
A70130	1	t	Thomas H		
A56127	1	t	Henry Burt		
A64606	1	f	My Lord		
A30705	1	t	Thomas Phillips Esq		
A79473	1	t	Dr Fell		
A51725	1	f	Honoured Lord		
A02000	1	t	Lucas Gratian Dantisco		
A41964	1	t	Saint Hierome		
A17286	1	t	Daniel
A47629	1	t	Rainoldus De Lib		
A43824	1	t	E. Northumberl		
A95888	1	t	Richard Sprignall		
A47618	3	t	George Eagles		
A16536	2	t	M. Zachary Boyd		
A77497	1	t	M. Calvin		
A89235	1	t	Henrietta Maria		
A41355	1	t	John Downes Esquire		
A64606	1	t	Thomas Urchard
A34747	1	t	Philip Hobarte		
A26722	1	t	Jesus Christ	
A10663	1	t	Edvvard Reynold'S		
A86261	1	t	Alderman Pennington		
A54528	1	f	Lord Major
A97067	1	t	Your Lordship		
A13699	1	t	Almighty God		
A69646	1	t	Frederic The Pa		
A38109	1	f	Maier Aldermen		
A64135	1	t	Bishop Proclus		
A89563	1	f	Learned Antagonist		
A56144	1	t	Bishop Usher		
A41150	1	f	Christs Messengers
A90266	1	t	Essex Octo		
A61470	1	f	Heavenly Spouse		
A36292	1	f	Your Lordship's		
A12209	1	t	R. T.		
A92764	1	t	Saint Augustine		
A61026	1	t	John Wray Knight		
A27497	1	t	Abrah Scultetus		
A42751	1	t	Mascall Giles		
A57976	1	f	Noble Lord		
A57976	1	t	John Parbroth		
A31221	1	t	D. D. D.		
A65782	1	f	R. Honourable		
A31021	1	f	Persius Nec		
A61475	1	t	Jesus Christ	
A70701	1	t	Gaspar Waserus		
A88141	1	t	John Lightfoote		
A43821	1	t	Thomas Hill		
A38109	1	f	Your Honours		
A85462	1	f	Your Honours		
A08628	1	t	Iohn Suckling
A70654	1	t	Stephen Marshall		
A32856	1	t	W. F. X. B.		
A17286	1	t	Daniel
A60972	1	t	John Saltmarsh		
A00926	1	t	R. F.		
A01750	1	t	William Gilbert		
A85036	1	t	Thomas Fuller		
A85889	1	f	Most Noble Senators		
A41009	1	t	Master Calvin		
A43479	1	t	Prince Maurice		
A14727	1	t	Clement King		
A54808	1	t	Charlemain's		
A61155	2	t	John Saltmarsh		
A43825	1	t	B. Andrews		
A47618	1	t	Saint Peter		
A77017	1	t	William Twisse		
A43824	1	t	M. Lisle		
A54528	1	t	Thomas Soame		
A11380	1	t	Arthur Ingram		
A46909	1	t	John Johnson		
A43562	1	f	Your Honours		
A57976	1	t	D. Hall		
A77323	1	t	William Barkeley		
A00966	1	t	William		
A29731	1	f	Honoured Cousin Sr		
A87607	1	t	Lo Cook		
A38090	6	t	M. Simpson		
A88290	1	t	John Thompson		
A86730	1	f	Servant In The Work Of Christ
A69024	1	f	Majesties Patronage		
A56211	1	t	William Waller		
A08628	1	t	Wye Saltonstall		
A54528	1	t	Iohn Gayr		
A26722	1	f	The Lord		
A10819	1	t	Iohn Roberts		
A66051	1	t	George Lord Berkley
A56127	1	t	N. Br.		
A01234	1	t	Martin Bound		
A91306	1	f	Noble Patronage		
A61475	1	t	Ezekiel		
A34747	1	f	Your Honours		
A64057	2	t	H. Church		
A27361	1	f	Honoured Friend		
A43816	1	t	Mr Perkins		
A26722	1	f	Honoured Lady		
A29375	1	t	Sir Miles		
A69024	3	t	Jesus Christ	
A54528	1	t	William Gibbs		
A47618	1	t	Ralph Lurdane		
A54990	1	t	Captain Clayborn		
A87629	1	t	Henry Jones		
A66737	1	f	Your Grace		
A67551	1	t	Edward Dering		
A47791	1	t	Saint Basill		
A56256	1	f	Gracious Father		
A40683	1	t	Thomas Fuller		
A67233	1	t	Katharine D'Ar		
A08829	1	t	Ephraim Pagitt		
A27257	1	t	Thomas Beedome		
A57529	1	t	Daniel Rogers		
A56127	1	t	William Tyndall		
A95892	1	f	Honour
A85388	2	t	Thomas Gage		
A30705	1	t	Humphrey Owen		
A49473	1	t	Tobias Massy		
A64135	1	f	Son Maximilian		
A43598	1	t	T. H.		
A91187	1	t	Martins Echo		
A69521	1	t	Amy Long		
A39313	1	t	Jesus Christ	
A49473	1	t	Lord Morgan		
A89578	1	t	Stephen Marshall		
A43824	1	t	Thomas Hill		
A10822	1	t	Henry Sanders		
A34527	1	t	St. Paul		
A67551	1	f	Your Honours		
A96941	1	t	S. Paul		
A10279	1	t	Richard Croshaw		
A54528	1	t	Thomas Culh		
A37463	1	f	Your Honours		
A95892	1	f	Lord Major		
A12182	1	t	Lady Anne		
A66737	1	t	Your Montrose		
A16685	1	t	Rigby Esq		
A13439	1	t	Margery Quiet		
A46909	1	t	John Savile		
A32047	1	t	S. Augustine		
A38109	1	f	Noble Emperor		
A14290	1	t	Gall Gulls		
A54990	1	t	Richard Plantagenes		
A46836	3	t	Jesus Christ	
A35730	1	f	Noble Person		
A45550	1	t	John Gayr Knight		
A62938	1	t	William Earle		
A25886	1	t	L. C. Dominus		
A56144	1	f	Noble Knight		
A10822	1	t	Rowland Wilson		
A95657	1	t	Jesus Christ	
A30705	1	t	Iohn Edmund Esq		
A90603	1	t	Peter Worster		
A30705	1	t	David Lloyd Ap		
A91224	1	f	Honoured Friend		
A41009	1	t	St. Paul		
A64606	1	f	Lord Baron
A64606	1	t	James Hamilton
A05161	1	t	D. White's		
A91298	1	f	Noble Persons		
A32802	1	f	Popish Socinians		
A88994	1	t	Albert Duke		
A61359	1	t	Gulielmo Paston Baronetto		
A38663	1	t	Anthony Nicoll		
A69521	1	t	Mris Elionor War		
A66597	1	t	Christum Domini		
A47629	1	t	Master Lombard		
A30262	1	t	Cornelius Burges		
A95888	1	t	J. V.
A71091	1	f	His Majesty		
A43816	1	t	D. D. D.		
A10819	1	f	Your Royal		
A85889	1	t	Master Barton		
A54669	1	t	Anne Glover		
A28139	1	f	Christian Reader		
A66597	1	t	Zwinglius De Bello Helvetico		
A10819	1	t	John Roberts		
A47631	1	f	Servants Pro		
A01849	1	t	Richard Hurst		
A64135	1	t	George Cassander		
A91309	2	f	Christian Princes		
A86986	1	t	William Hall		
A91309	1	t	Iohn Goodwins		
A86261	1	t	Clethrow Knight		
A27638	1	t	Saint Augustine		
A35274	3	t	Jesus Christ	
A56144	1	t	Saint Williams		
A79477	1	t	Pope John		
A34531	1	t	John Corbet		
A27361	1	f	Friends
A70872	1	t	Anne Carteret		
A34599	1	t	William Lord Archbishop of Canterbury
A64897	1	t	Richard Sprignall		
A37463	1	t	Henry Burton		
A95827	1	t	R. W. When		
A46895	1	t	Rachels Ben-Oni		
A54528	1	t	Nicholas Rainton		
A30300	1	t	Baron Beaufort		
A66737	1	f	Gracious Father		
A91309	1	f	Antiparliamentary Cavaliers		
A17286	1	t	St. Paul		
A91187	1	f	Profane Apostates		
A56144	1	f	Regni Nostri		
A43318	1	t	Master Henderson		
A18334	1	t	Done Diego Puede-Ser		
A59164	1	f	Great Father		
A66047	1	t	John Wilkins		
A85036	2	t	Master Saltmarsh		
A62099	1	f	Your Honours		
A64135	1	t	J. Taylor		
A64135	1	t	S. Hilary		
A57248	1	f	Your Honours		
A30714	1	f	Your Friend		
A10790	1	t	Dorothy Sydney		
A51643	1	t	Henry Lord Marquess of Dorchester		
A01342	1	t	John Powlet		
A43818	1	f	Your Worships		
A64135	1	t	Bishop Morton		
A65782	1	t	J. W.		
A13393	1	f	Honoured Sir		
A62938	1	t	George Took		
A38090	1	t	Mr Simpson		
A85448	1	f	Your Honours		
A32802	1	t	Iohn White		
A01773	1	t	Sir Thomas Fisher		
A43816	1	t	Apostle Paul		
A79473	1	t	Saint Machiavel		
A30705	2	t	Master Bushel		
A43825	1	t	King Solomon		
A06402	1	t	William Lower		
A41427	1	t	Thomas Fairfax		
A47629	1	t	Mr Carill		
A61119	1	f	Noble Citizens		
A91298	1	t	William Prynne		
A20724	1	f	Virtuous Lady
A43817	1	t	Thomas Hill		
A46836	1	t	Mary Magdalen		
A27497	1	t	Iames Lord Archbishop of Armagh
A41009	1	t	A. Ritter		
A54528	1	t	Sir George Clerke		
A96941	1	t	Saint Paul		
A05161	2	t	M. Fisher's		
A79473	1	f	Welch Atheists		
A29737	1	f	Sovereign Lord		
A29737	1	t	Charles Stuart
A04907	1	t	Francis Knight		
A41142	1	f	Your Honour		
A90668	1	t	Saint Paul		
A86261	1	t	J. V. Wishes The		
A93709	1	t	Jesus Christ	
A34599	1	f	Courteous Reader		
A30705	1	t	Robert Corbet
A70924	1	f	Majesties Household		
A47618	1	t	Master Co		
A12143	1	t	Charles Porter		
A95751	1	f	Your Ladyships		
A13014	1	t	Richard Young		
A35730	1	t	Dering Knight		
A10822	1	t	Robert Davis		
A95892	1	t	Francis Rouse		
A11378	1	f	Your Self		
A85542	1	t	J. G.		
A77497	1	t	Lucas De Medico		
A30300	1	f	Some Royal Majesty		
A56780	2	t	M. Richard Gipps		
A30705	1	f	Sovereign Lord		
A43401	1	t	Thomas Herbert		
A51725	1	t	Richard Whitaker		
A90603	1	t	Samuel Bridge		
A26353	1	t	P. Melanct		
A66737	2	f	Mighty Prince		
A16110	1	t	G. A. Londini		
A68655	1	t	Valeria Messallina		
A49473	1	t	John Venn		
A79477	1	t	Trithemius Abbot		
A02520	1	t	J. Exon		
A37192	1	f	Noble Lord		
A70828	1	t	Lord Bourchier		Barron Ferrars of Cha • tly, Lord Bourcher and Lovaine
A58210	1	t	Surenden Dering		
A04155	2	t	Timothy Hutton		
A77017	1	t	The Lord Of Heaven		
A44991	1	t	Servant R. D.		
A02000	1	t	Bernat Cusana		
A91306	1	t	Nathaniel Fiennes		
A30705	1	t	Iohn Ʋaughan Esq		
A85505	1	t	St. Paul		
A49473	1	t	Edmund Forster		
A54990	1	t	Virginia Oxen		
A56127	1	t	Saint Bernard		
A92196	1	t	John Raymond		
A28810	3	t	Richard Boothby		
A13017	1	f	Your Honours		
A05590	1	t	Your Noble		
A57391	1	t	Servant L. R. Merchant		
A97129	1	t	William Wilson		
A89149	1	t	M. B.		
A97129	1	t	Henry Lane		
A79477	1	t	Pope Sixtus		
A67095	1	t	George Walker		
A15013	1	f	Christian Friend		
A13699	4	t	St. Paul		
A05161	7	f	Your Majesty		
A13439	1	t	Marry Make-Peace		
A13699	1	t	S. Iohn		
A28810	1	t	Cardinal Wolsey		
A79477	1	t	Alexander Cook		
A56171	1	f	Your Honours		
A13699	1	f	Heretics Schismatics		
A03845	1	t	Lady Arabella		
A27361	1	t	J. P.		
A96652	1	t	Lucians Momus		
A68655	1	t	Nathanael Richards		
A27789	1	t	Fret Errinnys		
A27638	1	t	Baron Ferrars		
A13017	1	t	Henry Earl		
A05161	1	t	R. B.		
A56211	1	f	Malignant Vipers		
A44762	1	t	Sir W. S. Knight		
A93880	1	f	Servant In The Lord Jesus
A93880	1	t	Peter Sterry		
A91309	1	t	Samuel Rutherford		
A78979	1	t	Gregory Nazianzen		
A27810	2	t	M. Zachary Boyd		
A64135	1	t	Baron Hatton		
A91306	1	t	Clement Walker		
A08829	1	t	Iesum Christum		
A25221	1	t	Xenophon
A69024	1	t	Amasiah King		
A56127	1	t	Father Augustin		
A90265	1	t	Edward Scot		
A47074	1	t	S. Iones		
A94736	1	t	Nathaniel Fiennes		
A16536	1	f	Potent Earl		
A34599	3	f	John
A40653	1	f	Honours Sister		
A35274	1	t	M. C.		
A05161	1	t	A. C.
A03845	1	f	Constant Princess		
A42215	1	t	Robert Gentilis		
A56171	1	t	Havesee Bishop Hals		
A48307	1	f	Honoured Sir		
A10279	1	t	Thomas Metham		
A57648	1	t	Frances Countess		
A13699	1	t	Jesus Christ	
A43817	1	f	Noble Worthies		
A30705	1	t	Iohn Lloyd
A16536	1	f	Noble Lady		
A16536	1	t	Countess of Argyle		
A32802	1	t	S. Anselm		
A03233	1	f	Lord Mayor
A03233	1	t	Henry Garway		
A31115	1	f	Excellent Majesty		
A11380	1	f	My Lord		
A32323	1	f	Lady Temperance		
A43824	1	t	L. North		
A13439	1	t	Dorothy Doe-Little		
A07541	1	t	Robert Earl		
A27810	1	t	Saint Paul		
A49473	1	t	Samuel Carlton		
A61475	1	f	Worthy Senators		
A43824	1	t	L. Roberts		
A43824	1	t	M. Salwey		
A69024	1	f	Honourable Court		
A03845	1	f	Earl of Strafford, Lord Lieutenant of Ireland
A54990	1	t	Terras Bolarmack		
A54528	1	t	Iohn Foulke		
A70924	2	f	Your Honour		
A54528	1	t	Thomas Adams		
A97126	2	f	My Lords		
A16536	1	t	Saint Iohn		
A91224	1	t	William Balfore Knight		
A61119	1	t	John Saltmarsh		
A61155	1	t	Thomas Fairfax		
A88290	1	f	English Merchant's		
A43824	1	f	L. Visc		
A17286	2	t	S. John		
A47618	1	t	Queen Marry		
A77496	1	t	John Brinsley		
A56135	1	t	William Prynne		
A54990	1	t	M. Leonard Calvert		
A51324	1	t	Thomas More		
A96992	1	t	Henry Walker
A43824	1	t	M. Wheeler		
A56144	2	f	Reverend Father		
A61359	1	t	L. M. M.M.D.D.C.Q.		
A56144	2	t	William Lord Archbishop of Canterbury		
A30650	1	t	William Prynne		
A56199	1	t	William Boswell		
A41964	1	t	Hugo Grotius		
A83501	5	f	Honourable House		
A56127	1	t	Henry Burton		
A30577	1	t	Viscount Hereford		
A32016	1	t	Jesus Christ	
A14290	1	f	Satans Sect		
A32016	1	t	Edmvnd Calamy		
A47631	1	f	Noble Lady		
A12184	1	t	Maurice Abbot
A62948	1	f	Your Lordship's		
A62948	1	t	George Took		
A07541	1	t	Lord Ferrers		Effex , Viscount Hereford , and Bouchier , Lord Ferrers of Chartley , Bouchier , and Lovaine . RIGHT
A56144	1	f	Prelatical Sycophants		
A90266	1	t	John Owen		
A56144	4	t	Willielmo Laud		
A27638	1	t	Lord Bourchier		Hereford , Baron Ferrars of Chartley , Lord Bourchier and Lovain , one of His Majeſties
A27361	2	t	Iohn Bellamie		
A95897	1	t	John Vicars		
A46895	1	t	John Jackson		
A39313	3	t	Jesus Christ	
A11519	1	t	F. P. V. S.		
A87629	1	t	J. Temple		
A05161	2	t	D. White		
A34599	1	f	Honoured Sir		
A91309	2	t	Thomas Edwards		
A64135	1	t	Bishop Fox		
A59630	1	t	Richard Knightley Esquire		
A69129	1	f	Honourable Lords		
A79473	1	f	Irish Rebels		
A62099	1	f	Honourable Lord		
A03845	1	f	Eldest Daughter		
A64057	1	t	Bishop Morton		
A94728	1	t	James Russel Merchant		
A56144	2	t	Willielmus Laud		
A41485	1	t	John Pymme Esquire		
A11378	1	f	Gracious Sir		
A34821	1	f	Honoured Sir		
A66737	1	f	Gracious Sovereign		
A91309	1	f	Your Honours		
A85664	1	f	Unworthy Servant		
A87152	1	t	Robert Harris		
A49473	1	t	Thomas Buckstone		
A97129	1	f	Worthy Gentlemen		
A05161	1	f	Sacred Majesty		
A49748	8	f	Your Majesty		
A61092	1	t	Knight Sir Hen		
A90603	1	t	Robert Smith		
A69646	1	f	Honoured Lords and Commons		
A01849	1	t	S. B.		
A26353	1	t	D. Luthers		
A64057	1	t	Aeneas Sylvius		
A70099	1	t	Algernon Earl		
A51324	1	t	W. S.		
A10822	1	t	Matthew Forster		
A39212	1	t	Iacob
A89500	1	t	Thomas Manton		
A91306	1	t	Francis Lord Willoughby		
A47618	1	t	Lecturersmr Marshal		
A64897	1	t	J. V.
A16650	1	f	The Constable Of The Ward		
A66737	3	f	Gracious Lord		
A09626	1	t	Richard Pelham		
A45546	1	f	Worthy Friend		
A34747	1	f	Jesus Christ	
A38771	1	t	John Evans		
A51643	1	f	Your Lordship's		
A51643	1	t	Robert Stapylton		
A57248	1	t	Thomas Fairfax		
A96686	1	f	Great Sachim		
A70130	1	f	Lord Major		
A12143	1	t	W. A.		
A64135	2	t	H. Church		
A05161	1	t	A. C.
A58824	1	t	A. Sir		
A05161	1	t	A. C. Nibbled		
A56192	1	t	W. Prynne		
A47618	1	t	Queen Elizabeth		
A61101	1	t	J. S.		
A64897	1	f	Englands Remembrancer		
A30705	1	t	William Watkin Gent		
A57976	1	t	M. George Wishart		
A26468	1	t	William Purefey		
A14722	1	t	Ezekiel		
A67119	1	f	Nursing Father's		
A54990	1	t	Baronets L. And M.
A56192	1	t	Georgius Obrectus De Belli Principiis		
A03092	1	f	Noble Sir		
A59997	1	t	I. S. Wishes		
A10822	1	t	Iohn Venn		
A46823	1	t	Jesus Christ	
A54528	1	t	Simon Edmonds		
A89563	1	t	John Goodwins		
A87607	1	t	Kek Syst		
A40669	1	t	John Lord Powlet		
A85664	1	f	Son
A44991	1	t	Thomas Stanley		
A30705	1	t	Thomas Milward Knight		
A27638	1	f	Your Excellency		
A27361	1	f	Your Lordship's		
A88086	1	t	Iohn Glynne		
A85551	1	t	Benjamin Rudyard		
A10819	1	f	Your Honours		
A16923	1	t	Richard Brome		
A49473	1	t	Viscount Hereford		
A54528	1	t	Isaac Penington		
A05161	1	t	A. C. For Him		
A49473	1	t	Edward Broomefield Col		
A70863	1	t	William Prynne		
A85683	1	f	Honoured Lord		
A85683	1	t	Duke of Yorke		
A85664	1	t	Publius Decius		
A79473	2	t	Mr Chillingworth		
A90266	1	f	Honoured Sir		
A34599	1	t	Thomas Lord Strafford		
A38109	1	t	Thomas Edvvards		
A10822	1	t	George Langham		
A25370	1	t	Philip Sidney
A02000	1	t	Antonio Gratian		
A49473	1	t	Rowland Wilson		
A32323	1	f	Your Honours		
A05161	1	f	Obliged Servant		
A05161	1	t	S. Peter		
A49473	1	t	Randall Manwaring		
A91224	1	t	Mrs Margaret Carteret		
A37285	1	t	John Day		
A01234	1	t	William Freak		
A56144	1	t	Regis Edwardi		
A49473	1	t	Thomas Covell		
A95878	1	t	Anne Sprignall		
A47629	1	t	Thomas Aquinas		
A32308	1	t	John Mayhew		
A05161	1	t	A. C.
A43824	1	t	E. Pembrook		
A90266	1	t	William Row		
A57529	1	f	Noble Lady		
A92764	1	f	Elect Lady		
A56127	1	t	Saint Paul		
A35274	1	f	Honoured Sir		
A87081	1	t	Jesus Christ	
A14290	1	f	Jesus Christ	
A87629	1	t	R. Dillon		
A97067	1	t	Rich Fraught		
A70828	1	f	Great General		
A39282	1	t	John Ellis		
A47629	1	t	Edward A		
A64409	2	t	S. Teresa		
A67155	1	f	Royal King		
A63067	1	f	Friend Colonel		
A95892	1	t	Matthew Brand		
A28809	1	f	Loyal Subject		
A95892	1	t	Fardinando, Lord Fairfax		
A77497	1	t	M. Marshals Sermon		
A47618	1	t	D. Story		
A09197	1	f	Worthy Sir		
A46895	1	f	Lord Major		
A25886	1	f	Mother
A91224	1	t	Elizabeth Carteret		
A43824	1	t	Wil. Strickland		
A89563	1	f	Reverend Sirs		
A35274	1	f	Honoured Sirs		
A04155	1	t	Jesus Christ	
A17286	1	t	Jesus Christ	
A65782	1	t	Robert Tracy		
A13010	1	t	A. B.		
A40653	1	f	Noble Brother		
A43818	2	t	Alderman Adams		
A47629	1	t	M. Ley		
A05161	1	t	S. Iod		
A88994	1	t	John Maynard		
A71091	1	f	Loyal Subject's		
A70924	1	t	Philip Earl		
A70130	1	t	W. Gouge		
A35730	1	t	Maxentius Johannes		
A12598	8	f	Your Grace		
A30577	1	t	Lord Bourchier		Hereford , Baron Ferrars of Chartley , Lord Bourchier and Lovaine , one of His Majeſties
A43817	1	t	Robert Grosthead		
A30300	1	t	Henry Burkhead		
A85505	1	t	M. Brightman		
A93880	5	t	Jesus Christ	
A32802	1	t	Wise Homer		
A13699	1	f	David Ps		
A85370	1	t	Marcus Antonius		
A10822	1	t	Tobias Massy		
A78018	1	t	Jesus Christ	
A70872	1	t	Philip Carteret		
A54528	1	t	Iacob Garrat		
A30705	1	t	Timothy Turnor
A89149	1	t	Datehenry Wootton		
A28810	1	f	India Merchant's		
A84337	1	t	John Eachard		
A11380	1	t	J. Saultmarshe		
A81339	1	f	Musae Athenas		
A56144	1	f	Renowned Prelate		
A49473	1	t	Marmaduke Rawdon		
A13699	1	t	Saint Paul		
A69521	1	t	Steeple Ashton		
A57659	1	f	Your Worships		
A90603	1	t	Henrie Geirie		
A26353	1	t	Iohn Dury		
A26573	1	t	G. A.		
A44745	1	t	J. H.		
A89563	1	t	Stephen Marshall		
A29737	1	t	Mighty Prince Charles		
A32047	1	f	Your Honours		
A67155	1	f	Gracious Sovereign		
A27163	1	t	Iames Duke		
A43562	1	t	Richard Heyricke		
A97067	1	f	Noble Lord		
A97067	1	t	Robert Lord Brook		
A69646	4	t	Martin Bucer		
A49473	1	t	Matthew Forster		
A76316	1	t	John Turner		
A30705	1	t	Iohn Meredith Gent		
A79475	2	t	Jesus Christ	
A37285	1	f	Worthy Sir		
A28212	1	t	John Berkenhead		
A04155	1	t	Edmund Cleburne		
A32047	1	t	S. Ambrose		
A49473	1	f	Great Lord		
A27361	1	t	J. P. Hath		
A13699	1	t	S. Austin		
A64135	3	t	S. Austin		
A12145	1	t	Henry Osborne Esquire		
A69129	1	t	W. Ames		
A03196	1	t	Robert Cooke		
A14722	1	f	Noble Captains		
A65782	1	t	Viscount Conoway		
A64409	1	t	Blessed Lord		
A56127	1	t	M. Latim		
A17286	1	t	Charles The Emperor		
A32802	1	t	G. Nys		
A34595	1	t	N. B.		
A61092	1	t	M. Crew		
A19160	1	t	Edward Conway
A86261	1	f	Lord Major		
A01344	1	t	Thomas Fuller		
A27361	1	t	James Story		
A43536	1	f	Great Prince		
A49473	1	t	Lord Ferrers		Essex and Ewe , Viscount Hereford , Lord Ferrers of Chartley , Bourchier , and Lovain , Lord
A86945	1	t	Iohn Clotworthy
A94736	1	t	Richard Cole		
A66737	1	f	Your Father's		
A15013	1	t	M. Harris		
A89583	1	t	Stephen Marshall		
A46910	1	t	Richard Compton		
A62101	1	t	E. S.		
A91187	1	t	William Prynne		
A85716	2	t	Jesus Christ	
A27638	1	t	Iohn Bevvick		
A92138	1	t	Jesus Christ	
A52444	1	t	Philip Sidney		
A88141	1	t	R. Sol		
A03092	1	t	R. H.		
A96941	1	t	St. Paul		
A93880	1	t	Jesus Christ	
A61359	1	t	Gulielmo D'Oyly Eqv		
A56127	1	t	Saint Bernard		
A91298	1	t	Lucans Bella		
A61092	1	t	Richard Knightley		
A42838	1	t	Richard Lovelace		
A89585	1	t	Iohn Trevor		
A05161	1	t	M. Fisher		
A43824	1	t	Doct Stanton		
A64897	1	f	Englands Commons		
A43824	1	t	L. Mountague		
A94736	1	t	Alexander Popham		
A57656	1	t	A. R.		
A94728	1	t	John Tombes		
A90603	1	t	Richard Kimble		
A17129	1	f	E. B.
A56135	1	f	Your Honours		
A61026	1	t	William Strickland		
A30705	1	t	Rich Over		
A28186	1	t	Richard Sbuttleworth		
A39313	1	f	Reverend Father		
A30705	1	f	Your Lordship's		
A05161	2	t	A. C.		
A30705	1	t	Samuel Reynish		
A54990	3	t	Earl Palatine		
A27789	1	f	Honourable Court		
A91187	1	t	Centurian Cornelius		
A30105	1	t	William Diconson
A17286	1	t	John Ep		
A04909	1	t	John Ven		
A43824	1	t	M. Maynard		
A05161	1	t	A. C.		
A88086	1	f	Worthy Sirs		
A67551	1	t	Thomas Barrington		
A19160	1	t	Diego V'Ades-Forte		
A35353	1	f	Worthy Sirs		
A43598	1	t	T. B.		
A27497	1	t	P. Bertius		
A45482	1	f	Majesties Favour		
A26353	1	t	George Anhaltinus
A69521	1	f	Matron Mris		
A94457	1	f	Honourable House		
A86356	1	f	Worthy Citizens		
A45319	1	f	Noble Knights		
A38677	1	t	Saint Michael		
A64057	1	f	Reges Deo		
A67068	1	t	Thomas Barrington		
A94457	1	f	Honours Wisdoms		
A90265	1	t	C. Westrow		
A35343	1	f	Noble Gentlemen		
A57657	1	f	Honourable Grandfather		
A27497	2	t	St. Paul		
A79477	2	f	Honourable House		
A47629	1	f	Davids Counseller		
A41155	1	t	Algernon Lord Percy
A30705	1	t	Sampson Eure Knight		
A12184	1	t	Jesus Christ	
A49473	1	t	Robert Davies		
A90997	1	t	R. P.		
A12166	1	t	Jesus Christ	
A97129	1	t	John Ward		
A30262	1	t	Stephen Marshall		
A41150	1	t	Reverend Balmford		
A27638	1	t	Viscount Hereford		
A12817	1	f	Your Ladyship		
A38677	1	t	Reddite Caesari		
A34599	2	t	John Cotton		
A45014	1	f	Honourable Houses		
A86358	1	f	Pauls Separatists		
A04907	1	f	Noble Sir		
A43484	1	t	Henry Hexham		
A70828	1	t	Thomas Palmer		
A81567	2	t	Thomas Wentworth		
A95888	1	t	Anne Sprignall		
A38615	1	t	Saint Quintin		
A49473	1	t	Edward Dichfield		
A56144	2	t	Charles Coote		
A08637	1	t	Edward Albiston		
A28212	1	f	Your Highnesses		
A79473	1	t	Dr Prideaux		
A47629	1	t	Bishop Ridly		
A64135	1	t	S. Bernard		
A15013	1	t	Edward Leigh		
A26353	2	t	D. Luther		
A10822	1	t	Randolph Mo		
A61943	1	t	John Suckling		
A70099	1	t	William Fenwick		
A47618	1	t	Dr Whittington		
A54528	1	t	Lambertus Hortensius		
A67551	1	f	His Impress		
A49473	1	t	Privy Council		
A07542	1	t	Humphrey Mill		
A17286	1	t	W. Gr		
A56127	1	f	Sovereign Lord The King
A34718	1	t	Georgianii Equiti		
A64057	1	t	K. Iohn's		
A31221	1	t	Olivero St. John		
A47629	1	t	Matthew Paris		
A56144	1	t	William Prynne		
A13699	1	t	W. P.		
A25906	1	t	Daniel
A10190	1	f	Royal Posterity		
A34593	1	f	Royal Father		
A26353	1	f	Christian Princes		
A08637	1	t	John Ethredge		
A54668	1	t	Thomas Philipot		
A43318	1	t	Elsynge Cler		
A59164	2	f	Your Majesty		
A93655	1	t	John Saltmarsh		
A87152	1	t	Jonahs Gourd		
A76316	1	t	T. B.
A56127	1	f	Your Honours		
A64135	1	t	S. Chrysostome		
A64135	1	t	Aeneas Sylvius		
A61155	4	t	Iohn Saltmarsh		
A54990	1	t	Captain Marshal		
A43824	1	t	Denis Bond		
A91314	1	f	Devoted Friend		
A95897	1	f	Gracious Honour		
A86730	1	f	Honourable Senate		
A86261	1	t	William Acton Knight		
A91224	1	t	Philip Carteret		
A42725	1	t	Magdalen Lady Bruce		
A10822	1	t	Martin Bond		
A91224	4	t	William Prynne		
